/*
SQLyog Professional v12.09 (64 bit)
MySQL - 5.7.13 : Database - emres
*********************************************************************
*/

/*!40101 SET NAMES utf8 */;

/*!40101 SET SQL_MODE=''*/;

/*!40014 SET @OLD_UNIQUE_CHECKS=@@UNIQUE_CHECKS, UNIQUE_CHECKS=0 */;
/*!40014 SET @OLD_FOREIGN_KEY_CHECKS=@@FOREIGN_KEY_CHECKS, FOREIGN_KEY_CHECKS=0 */;
/*!40101 SET @OLD_SQL_MODE=@@SQL_MODE, SQL_MODE='NO_AUTO_VALUE_ON_ZERO' */;
/*!40111 SET @OLD_SQL_NOTES=@@SQL_NOTES, SQL_NOTES=0 */;
CREATE DATABASE /*!32312 IF NOT EXISTS*/`emres` /*!40100 DEFAULT CHARACTER SET utf8 */;

USE `emres`;

/*Table structure for table `t_author` */

DROP TABLE IF EXISTS `t_author`;

CREATE TABLE `t_author` (
  `C_ID` varchar(32) NOT NULL,
  `C_NAME` varchar(200) DEFAULT NULL,
  `C_IDCARD` varchar(20) DEFAULT NULL,
  `C_PSEUDONYM` varchar(200) DEFAULT NULL,
  `C_DESC` varchar(200) DEFAULT NULL,
  `C_FAMOUS` varchar(1) DEFAULT NULL,
  `C_CREATOR` varchar(32) DEFAULT NULL,
  `C_CREATETIME` datetime DEFAULT NULL,
  `C_MODIFIER` varchar(32) DEFAULT NULL,
  `C_MODIFYTIME` datetime DEFAULT NULL,
  PRIMARY KEY (`C_ID`)
) ENGINE=InnoDB DEFAULT CHARSET=utf8;

/*Data for the table `t_author` */

insert  into `t_author`(`C_ID`,`C_NAME`,`C_IDCARD`,`C_PSEUDONYM`,`C_DESC`,`C_FAMOUS`,`C_CREATOR`,`C_CREATETIME`,`C_MODIFIER`,`C_MODIFYTIME`) values ('1','马未都','110105198105050310',NULL,'擅长古风写作','1','1','2016-01-01 17:43:10',NULL,NULL),('10','南派三叔','110105198105050310',NULL,'盗墓笔记作者','1','1','2016-01-01 17:43:10','1','2016-01-02 00:26:11'),('11','老猪','110105198105050310',NULL,'《紫川》，哈哈','1','1','2016-01-01 17:43:10','1','2016-01-02 00:39:00'),('12','猫腻','110105198105050310','晓峰','新浪原创文学奖玄幻类金奖','1','1','2016-01-01 17:43:10','1','2016-01-02 00:37:21'),('2','于妈','110105198105050310',NULL,'擅长都市言情、宫斗','0','1','2016-01-01 17:43:10',NULL,NULL),('3','海宴','110105198105050310',NULL,'擅长谋略，代表作《琅琊榜》','1','1','2016-01-01 17:43:10',NULL,NULL),('4','不知名作者','110105198105050310',NULL,'这个肯定不知名','0','1','2016-01-01 17:43:10','1','2016-01-02 00:43:33'),('40282e8151fdfe750151fdfe75d80000','唐家三少','110105198105050310',NULL,'大神还用说吗？','0','1','2016-01-02 00:21:31',NULL,NULL),('40282e8151fdfe750151fe07ac270001','洛水','110105198105050310',NULL,'大道残篇出洛水，半部天书知北游。','0','1','2016-01-02 00:31:34',NULL,NULL),('40282e81520db74f01520db74ff30000','忘语','110105198105050310','',NULL,'0','1','2016-01-05 01:37:43','1','2016-01-05 01:37:43'),('40282e81522bc87601522bc876560000','风笑','110105198105050310','',NULL,'0','1','2016-01-10 21:45:04','1','2016-01-10 21:45:04'),('40282e8152366af00152366af0470000','萧潜','110105198105050310','',NULL,'0','1','2016-01-12 23:18:44','1','2016-01-12 23:18:44'),('40282e8152366af00152366c8e430003','佚名','110105198105050310','',NULL,'0','1','2016-01-12 23:20:30','1','2016-01-12 23:20:30'),('40282e8152503a430152503a431c0000','今何在','110105198105050310','今何在',NULL,'0','1','2016-01-17 23:35:42','1','2016-01-17 23:35:42'),('40282e8152503a430152503bfd2d0003','太子','110105198105050310','',NULL,'0','1','2016-01-17 23:37:35','1','2016-01-17 23:37:35'),('40282e8152503a43015250400af60006','高晓松','110105198105050310','',NULL,'0','1','2016-01-17 23:42:00','1','2016-01-17 23:42:00'),('40282e81525043270152504327bd0000','吴承恩','110105198105050310','',NULL,'0','1','2016-01-17 23:45:24','1','2016-01-17 23:45:24'),('40282e8152e074d50152e5b972930001','测试','110105198105050310','小测',NULL,'0','1','2016-02-16 00:18:02','1','2016-02-16 00:18:02'),('40282e81532612fd01532612fd3d0000','刘强东','110105198105050310','',NULL,'0','1','2016-02-28 12:11:32','1','2016-02-28 12:11:32'),('40282e81534c83b201534c83b2c50000','管浒','110105198105050310','管虎',NULL,'0','40282e81522bba0501522bba05b30000','2016-03-06 23:20:13','40282e81522bba0501522bba05b30000','2016-03-06 23:20:13'),('40282e81534c83b201534c87bf820003','李捷','110105198105050310','',NULL,'1','40282e81522bba0501522bba05b30000','2016-03-06 23:24:38','40282e81522bba0501522bba05b30000','2016-03-06 23:24:38'),('40282e81534c83b201534c8b0a2f0006','李佩甫','110105198105050310','',NULL,'0','40282e81522bba0501522bba05b30000','2016-03-06 23:28:14','40282e81522bba0501522bba05b30000','2016-03-06 23:28:14'),('40282e81534cc12a01534cc12ac80000','迟子建','110105198105050310','',NULL,'0','40282e81522bba0501522bba05b30000','2016-03-07 00:27:21','40282e81522bba0501522bba05b30000','2016-03-07 00:27:21'),('40282e81534cc12a01534cc4c36b0003','江城','110105198105050310','',NULL,'0','40282e81522bba0501522bba05b30000','2016-03-07 00:31:17','40282e81522bba0501522bba05b30000','2016-03-07 00:31:17'),('40282e81534cc12a01534ccbfd1f0006','周德东','110105198105050310','',NULL,'0','40282e81522bba0501522bba05b30000','2016-03-07 00:39:10','40282e81522bba0501522bba05b30000','2016-03-07 00:39:10'),('402881f2568833990156883399650000','??',NULL,'??',NULL,'0','40282e81522bba0501522bba05b30000','2016-08-14 16:38:18','40282e81522bba0501522bba05b30000','2016-08-14 16:38:18'),('402881f2579c424c01579c52f7630004','test',NULL,'test',NULL,'0','40282e815332f8d8015332fca32f0002','2016-10-07 07:27:46','40282e815332f8d8015332fca32f0002','2016-10-07 07:27:46'),('5','作者5','110105198105050310','作者五','疯了...','0','1','2016-01-01 17:43:10','1','2016-01-02 02:10:27'),('6','作者6','110105198105050310',NULL,'还是不行啊啊啊','0','1','2016-01-01 17:43:10','1','2016-01-02 14:17:02'),('7','作者7','110105198105050310',NULL,'','0','1','2016-01-01 17:43:10',NULL,NULL),('8','作者8','110105198105050310',NULL,'这是第8个了','0','1','2016-01-01 17:43:10','1','2016-01-02 14:17:30'),('8a2c1bff54c6a7070154c6a7075f0000','宁余心',NULL,'宁余心',NULL,'0','40282e81532145f1015323372cf80001','2016-05-19 09:35:16','40282e81532145f1015323372cf80001','2016-05-19 09:35:16'),('8a2c1bff550e146301550e1463270000','一一',NULL,'一一',NULL,'0','40282e81522bba0501522bba05b30000','2016-06-02 06:27:45','40282e81522bba0501522bba05b30000','2016-06-02 06:27:45'),('8a2c1bff550e146301550e19d1500004','二二',NULL,'二二',NULL,'0','40282e81522bba0501522bba05b30000','2016-06-02 06:33:41','40282e81522bba0501522bba05b30000','2016-06-02 06:33:41'),('8a2c1bff5523bc70015523bc70780000','保存',NULL,'保存',NULL,'0','40282e81522bba0501522bba05b30000','2016-06-06 11:23:20','40282e81522bba0501522bba05b30000','2016-06-06 11:23:20'),('8a2c1bff5523bc70015524fa17f50005','王寞',NULL,'王寞',NULL,'0','40282e81532145f1015323372cf80001','2016-06-06 17:10:18','40282e81532145f1015323372cf80001','2016-06-06 17:10:18'),('8a2c1bff552c178901552e8803510001','陈保才',NULL,'陈保才',NULL,'0','40282e81532145f1015323372cf80001','2016-06-08 13:41:54','40282e81532145f1015323372cf80001','2016-06-08 13:41:54'),('8a2c1bff5547592f015548b7de1c0002','随便',NULL,'随便',NULL,'0','40282e81522bba0501522bba05b30000','2016-06-13 15:44:17','40282e81522bba0501522bba05b30000','2016-06-13 15:44:17'),('8a2c1bff5547592f015548bad94a0008','曹建伟',NULL,'曹建伟',NULL,'0','1','2016-06-13 15:47:33','1','2016-06-13 15:47:33'),('8a2c1bff557627b601557b4e17430004','虹影',NULL,'虹影',NULL,'0','8a2c1bff557627b601557aed5c7c0001','2016-06-23 11:29:23','8a2c1bff557627b601557aed5c7c0001','2016-06-23 11:29:23'),('8a2c1bff566d4c2501566d55ea240003','傅传松',NULL,'傅传松',NULL,'0','8a2c1bff557627b601557aed5c7c0001','2016-08-09 11:26:02','8a2c1bff557627b601557aed5c7c0001','2016-08-09 11:26:02');

/*Table structure for table `t_copyright_contract` */

DROP TABLE IF EXISTS `t_copyright_contract`;

CREATE TABLE `t_copyright_contract` (
  `C_ID` varchar(32) NOT NULL,
  `C_CODE` varchar(20) DEFAULT NULL,
  `C_OWNER` varchar(300) DEFAULT NULL,
  `C_OWNER_CONTACT` varchar(60) DEFAULT NULL,
  `C_OWNER_CONTACT_PHONE` varchar(20) DEFAULT NULL,
  `C_OWNER_CONTACT_ADDRESS` varchar(300) DEFAULT NULL,
  `C_OWNER_CONTACT_EMAIL` varchar(60) DEFAULT NULL,
  `C_BUYER` varchar(300) DEFAULT NULL,
  `C_BUYER_CONTACT` varchar(60) DEFAULT NULL,
  `C_BUYER_CONTACT_PHONE` varchar(20) DEFAULT NULL,
  `C_BUYER_CONTACT_ADDRESS` varchar(300) DEFAULT NULL,
  `C_BUYER_CONTACT_EMAIL` varchar(60) DEFAULT NULL,
  `C_PRIVILEGES` varchar(20) DEFAULT NULL,
  `C_PRIVILEGE_TYPE` varchar(1) DEFAULT NULL,
  `C_PRIVILEGE_RANGE` varchar(1) DEFAULT NULL,
  `C_PRIVILEGE_DEADLINE` varchar(3) DEFAULT NULL,
  `C_BANK_ACCOUNT_NAME` varchar(300) DEFAULT NULL,
  `C_BANK_ACCOUNT_NO` varchar(30) DEFAULT NULL,
  `C_BANK` varchar(300) DEFAULT NULL,
  `C_TOTAL_PRICE` decimal(10,0) DEFAULT NULL,
  `C_AUDIT_STATE` varchar(2) DEFAULT NULL,
  `C_FINISH_TIME` datetime DEFAULT NULL,
  `C_CREATOR` varchar(32) DEFAULT NULL,
  `C_CREATETIME` datetime DEFAULT NULL,
  `C_MODIFIER` varchar(32) DEFAULT NULL,
  `C_MODIFYTIME` datetime DEFAULT NULL,
  PRIMARY KEY (`C_ID`)
) ENGINE=InnoDB DEFAULT CHARSET=utf8;

/*Data for the table `t_copyright_contract` */

insert  into `t_copyright_contract`(`C_ID`,`C_CODE`,`C_OWNER`,`C_OWNER_CONTACT`,`C_OWNER_CONTACT_PHONE`,`C_OWNER_CONTACT_ADDRESS`,`C_OWNER_CONTACT_EMAIL`,`C_BUYER`,`C_BUYER_CONTACT`,`C_BUYER_CONTACT_PHONE`,`C_BUYER_CONTACT_ADDRESS`,`C_BUYER_CONTACT_EMAIL`,`C_PRIVILEGES`,`C_PRIVILEGE_TYPE`,`C_PRIVILEGE_RANGE`,`C_PRIVILEGE_DEADLINE`,`C_BANK_ACCOUNT_NAME`,`C_BANK_ACCOUNT_NO`,`C_BANK`,`C_TOTAL_PRICE`,`C_AUDIT_STATE`,`C_FINISH_TIME`,`C_CREATOR`,`C_CREATETIME`,`C_MODIFIER`,`C_MODIFYTIME`) values ('40282e8152b0a8290152b0a829d40000','C20160205-001','猫腻','猫腻','13111111111','中国好作家协会','mn@mn.com','北京悦库时光文化传媒有限公司','齐诗诗','13222222222','北广','qss@em.com','01,03,04','0','0','1','mao腻','1234567890','中国银行','20000','99','2016-02-21 00:37:49','1','2016-02-05 16:59:17','1','2016-02-05 16:59:17'),('40282e8152f527140152f527153e0000','C20160219-001','AA公司','大A','13777777777','A市','da@da.com','北京悦库时光文化传媒有限公司','马菲菲','13888888888','北广','mf@em.com','01,02','1','0','2','AA公司',NULL,'招商银行','300000','1',NULL,'1','2016-02-19 00:12:05','1','2016-02-19 00:12:05'),('40282e81532612fd0153266b75fc0005','C20160228-001','忘语','wangyu','13222222222','凡人谷','wy@em.com','北京悦库时光文化传媒有限公司','刘订订','13444444444','北广','ldd@em.com','01,02,03,04','0','0','1','王宇',NULL,'招商银行','1000','4',NULL,'1','2016-02-28 13:48:10','1','2016-02-28 13:48:10'),('40282e815332b2d4015332da69170002','C20160301-001','猫腻','moni','13444444444','猫家大院','moni@mn.com','北京悦库时光文化传媒有限公司','版权专员','13555555555','北广大厦','bqzy@em.com','01,02,03,04','0','0','1','猫腻','1234567890','中国银行','80000','99',NULL,'40282e81532145f1015323372cf80001','2016-03-01 23:44:48','40282e81532145f1015323372cf80001','2016-03-01 23:44:48'),('f9ab6aff535953500153599642dd0005','C20160309-001','管浒','管浒','13423433444','北京朝阳区北辰西路8号','gh@media.cn','北京广播有限公司','刘成斌','18654323456','北京市东城区建国门外大街6号','lcb@rbc.cn','01,02,03,04','0','0','3','管浒',NULL,'招行银行北京中关村支行','3000','99',NULL,'40282e815332f8d8015332fca32f0002','2016-03-09 12:15:33','40282e815332f8d8015332fca32f0002','2016-03-09 12:15:33'),('f9ab6aff535bdb1801535c0ed6170018','C20160309-002','北京如意欣欣文化发展有限公司','张梦月','13810364456','北京市朝阳区八里庄东路1号12层','zhangmengyue@ruyibooks.com','北京广播公司','刘成斌','13567892431','北京市东城区建国门外大街甲14号605','liuchengbin@rbc.cn','01,02,03,04','0','0','5','北京如意欣欣文化发展有限公司',NULL,'中国工商银行','30000','99',NULL,'40282e815332f8d8015332fca32f0002','2016-03-09 23:46:30','40282e815332f8d8015332fca32f0002','2016-03-09 23:46:30'),('f9ab6aff535bdb1801535c2310e40024','C20160310-001','江城','江城','15875349273','北京市石景山区苹果园东路218号','jcheng618@163.com','北京广播公司','刘成斌','13587652346','北京市东城区建国门外大街6号','liuchengbin@rbc.cn','01,02,03','1','0','3','江城',NULL,'民生银行中关村支行','12000','51',NULL,'40282e81532145f1015323372cf80001','2016-03-10 00:08:35','40282e81532145f1015323372cf80001','2016-03-10 00:08:35');

/*Table structure for table `t_copyright_ctrt_audit` */

DROP TABLE IF EXISTS `t_copyright_ctrt_audit`;

CREATE TABLE `t_copyright_ctrt_audit` (
  `C_ID` varchar(32) NOT NULL,
  `C_CONTRACT_ID` varchar(32) DEFAULT NULL,
  `C_AUDIT_REMARK` varchar(300) DEFAULT NULL,
  `C_AUDITOR_ID` varchar(32) DEFAULT NULL,
  `C_AUDIT_TIME` datetime DEFAULT NULL,
  `C_AUDIT_RESULT` varchar(1) DEFAULT NULL,
  PRIMARY KEY (`C_ID`)
) ENGINE=InnoDB DEFAULT CHARSET=utf8;

/*Data for the table `t_copyright_ctrt_audit` */

insert  into `t_copyright_ctrt_audit`(`C_ID`,`C_CONTRACT_ID`,`C_AUDIT_REMARK`,`C_AUDITOR_ID`,`C_AUDIT_TIME`,`C_AUDIT_RESULT`) values ('2c9080a452c1aa420152c1aa42820000','40282e8152b0a8290152b0a829d40000','挺好','1','2016-02-09 00:15:07','1'),('40282e815302738c015302738c450000','40282e8152b0a8290152b0a829d40000','确实挺好的','1','2016-02-21 14:10:40','1'),('40282e815302738c01530273e7250001','40282e8152b0a8290152b0a829d40000','买吧，别犹豫了','1','2016-02-21 14:11:04','1'),('40282e81530294cb01530294cbce0000','40282e8152b0a8290152b0a829d40000','法务通过','1','2016-02-21 14:46:59','1'),('40282e815302ba3c015302bd3aac0002','40282e8152b0a8290152b0a829d40000','一致','1','2016-02-21 15:31:09','1'),('40282e815332f8d8015332fb83240001','40282e815332b2d4015332da69170002','作品还不错','40282e815332f8d8015332f8d8870000','2016-03-02 00:20:57','1'),('40282e815332f8d8015332fd0a710003','40282e815332b2d4015332da69170002','嗯，确实挺好','40282e815332f8d8015332fca32f0002','2016-03-02 00:22:37','1'),('40282e815332f8d8015332ffcb4a0005','40282e815332b2d4015332da69170002','就是贵了点，好就买','40282e815332f8d8015332fdb3970004','2016-03-02 00:25:38','1'),('40282e815332f8d80153332640000008','40282e815332b2d4015332da69170002','法务条款没问题','40282e815332f8d80153330a8dec0007','2016-03-02 01:07:38','1'),('40282e815332f8d80153332c00ea000b','40282e815332b2d4015332da69170002','都没问题了，oh yeah!','40282e815332f8d80153330a8dec0007','2016-03-02 01:13:55','1'),('402881f25733fea8015733fea8bd0000','f9ab6aff535bdb1801535c2310e40024','test不通过','40282e815332f8d8015332fca32f0002','2016-09-17 01:15:10','0'),('f9ab6aff535bdb1801535bdca8290001','f9ab6aff535953500153599642dd0005','权属清晰，条款也无问题，通过','40282e815332f8d80153330a8dec0007','2016-03-09 22:51:41','1'),('f9ab6aff535bdb1801535bdea0460003','f9ab6aff535953500153599642dd0005','最终合同与原始合同确认一致，与合同内容确认一致','40282e815332f8d80153330a8dec0007','2016-03-09 22:53:50','1'),('f9ab6aff535bdb1801535c0ffdd1001a','f9ab6aff535bdb1801535c0ed6170018','市场热播剧，建议购买','40282e815332f8d8015332f8d8870000','2016-03-09 23:47:45','1'),('f9ab6aff535bdb1801535c10ed83001b','f9ab6aff535bdb1801535c0ed6170018','现在市场上同类小说中热度最高的，有电视剧支撑，就是有些贵了','40282e815332f8d8015332fca32f0002','2016-03-09 23:48:47','1'),('f9ab6aff535bdb1801535c11709f001c','f9ab6aff535bdb1801535c0ed6170018','购买吧，是挑战也是机会 ','40282e815332f8d8015332fdb3970004','2016-03-09 23:49:20','1'),('f9ab6aff535bdb1801535c131701001e','f9ab6aff535bdb1801535c0ed6170018','权属文件清晰，没问题','40282e815332f8d80153330a8dec0007','2016-03-09 23:51:08','1'),('f9ab6aff535bdb1801535c153f070020','f9ab6aff535bdb1801535c0ed6170018','与原版合同一致','40282e815332f8d80153330a8dec0007','2016-03-09 23:53:30','1'),('f9ab6aff535e722b01535e722b8c0000','f9ab6aff535bdb1801535c2310e40024','价格合理，请版权经理审核','40282e815332f8d8015332f8d8870000','2016-03-10 10:54:14','1');

/*Table structure for table `t_copyright_ctrt_doc` */

DROP TABLE IF EXISTS `t_copyright_ctrt_doc`;

CREATE TABLE `t_copyright_ctrt_doc` (
  `C_ID` varchar(32) NOT NULL,
  `C_CONTRACT_ID` varchar(32) DEFAULT NULL,
  `C_CREATOR_ID` varchar(32) DEFAULT NULL,
  `C_CREATETIME` datetime DEFAULT NULL,
  `C_VERSION` varchar(10) DEFAULT NULL,
  `C_FILE_URL` varchar(500) DEFAULT NULL,
  `C_TYPE` varchar(1) DEFAULT NULL,
  PRIMARY KEY (`C_ID`)
) ENGINE=InnoDB DEFAULT CHARSET=utf8;

/*Data for the table `t_copyright_ctrt_doc` */

insert  into `t_copyright_ctrt_doc`(`C_ID`,`C_CONTRACT_ID`,`C_CREATOR_ID`,`C_CREATETIME`,`C_VERSION`,`C_FILE_URL`,`C_TYPE`) values ('40282e815302738c0153027a3a7f0004','40282e8152b0a8290152b0a829d40000','1','2016-02-21 14:17:58','1.0','/uploadTmp/doc/20160221/310eac7421ad4543a125639650837aeb_面试评估表-UI岗位-zzh.docx',NULL),('40282e815302b220015302b220d80000','40282e8152b0a8290152b0a829d40000','1','2016-02-21 15:19:02','2.0','/uploadTmp/doc/20160221/42b323b503874d88b227108d18e2e3d4_sstc-saml-approved-errata-2.0.pdf',NULL),('40282e815332f8d80153330721300006','40282e815332b2d4015332da69170002','40282e81532145f1015323372cf80001','2016-03-02 00:33:39','1.0','/cc/20160302/cfcbee82961b4cb893c2a7d941bc9d0f.doc',NULL),('40282e815332f8d80153332736110009','40282e815332b2d4015332da69170002','40282e81532145f1015323372cf80001','2016-03-02 01:08:41','1.1','/uploadTmp/doc/20160302/746cbfdfcd444d95a0a4c2f1f61df1ed_面试评估表-UI岗位-zzh.docx',NULL),('40282e815332f8d801533327da65000a','40282e815332b2d4015332da69170002','40282e81532145f1015323372cf80001','2016-03-02 01:09:23','2.0','/uploadTmp/doc/20160302/a447c5089f8c477abe78048d8a392b74_SAML Core.docx',NULL),('f9ab6aff535bdb1801535bdb18ca0000','f9ab6aff535953500153599642dd0005','40282e815332f8d8015332fca32f0002','2016-03-09 22:49:59','1.0','/uploadTmp/doc/20160309/496009849ed94170a1157338f6a55c7e_合同-2015-wz-086.pdf','1'),('f9ab6aff535bdb1801535bddcdff0002','f9ab6aff535953500153599642dd0005','40282e815332f8d8015332fca32f0002','2016-03-09 22:52:56','1.1','/uploadTmp/doc/20160309/0726f2b8c794436eb9315b62c49453cd_合同-2015-wz-086.pdf','1'),('f9ab6aff535bdb1801535c126080001d','f9ab6aff535bdb1801535c0ed6170018','40282e815332f8d8015332fca32f0002','2016-03-09 23:50:22','1.0','/uploadTmp/doc/20160309/5287afbbdc9f4896b3001e0727eead23_合同-2015-wz-022.pdf','1'),('f9ab6aff535bdb1801535c14bac3001f','f9ab6aff535bdb1801535c0ed6170018','40282e815332f8d8015332fca32f0002','2016-03-09 23:52:56','1.1','/uploadTmp/doc/20160309/df344abf4a674bdc908fc8737fb737cf_合同-2015-wz-022.pdf','1');

/*Table structure for table `t_copyright_ctrt_prod` */

DROP TABLE IF EXISTS `t_copyright_ctrt_prod`;

CREATE TABLE `t_copyright_ctrt_prod` (
  `C_ID` varchar(32) NOT NULL,
  `C_CONTRACT_ID` varchar(32) DEFAULT NULL,
  `C_PRODUCT_ID` varchar(32) DEFAULT NULL,
  `C_PRICE` decimal(10,0) DEFAULT NULL,
  PRIMARY KEY (`C_ID`)
) ENGINE=InnoDB DEFAULT CHARSET=utf8;

/*Data for the table `t_copyright_ctrt_prod` */

insert  into `t_copyright_ctrt_prod`(`C_ID`,`C_CONTRACT_ID`,`C_PRODUCT_ID`,`C_PRICE`) values ('40282e8152acfe830152ad4a13aa0003','40282e8152acfe830152ad4a13880002','40282e81522bc87601522bcb75850003','30000'),('40282e8152b0a8290152b0a82a030001','40282e8152b0a8290152b0a829d40000','40282e81522bc87601522bcb75850003','2000'),('40282e8152dae71c0152dae71d150001','40282e8152dae71c0152dae71cfd0000','40282e8152503a43015250410e640009','100000'),('40282e8152dae71c0152dae78a5a0003','40282e8152dae71c0152dae78a490002','40282e8152503a43015250410e640009','100000'),('40282e8152dae71c0152dae80dac0005','40282e8152dae71c0152dae80da10004','40282e8152503a43015250410e640009','100000'),('40282e8152dae71c0152dae879e10007','40282e8152dae71c0152dae879d80006','40282e8152503a43015250410e640009','100000'),('40282e8152dae71c0152daf977f40009','40282e8152dae71c0152daf977c80008','40282e8152503a43015250400af90007','100000'),('40282e8152f527140152f52715af0001','40282e8152f527140152f527153e0000','40282e8152503a430152503a43200001','130000'),('40282e8152f527140152f52715d60002','40282e8152f527140152f527153e0000','40282e81522bc87601522bc8765a0001','170000'),('40282e81532612fd0153266b76280006','40282e81532612fd0153266b75fc0005','40282e81520db74f01520db7500e0001','1000'),('40282e815332b2d4015332da692c0003','40282e815332b2d4015332da69170002','40282e81532dc5b501532dcb82f20003','80000'),('f9ab6aff535953500153599642ed0006','f9ab6aff535953500153599642dd0005','40282e81534c83b201534c83b2de0001','3000'),('f9ab6aff535bdb1801535c0ed6170019','f9ab6aff535bdb1801535c0ed6170018','40282e81534c83b201534c87bfbb0004','30000'),('f9ab6aff535bdb1801535c2310e40025','f9ab6aff535bdb1801535c2310e40024','40282e81534cc12a01534cc4c36d0004','12000');

/*Table structure for table `t_copyright_prod_optor` */

DROP TABLE IF EXISTS `t_copyright_prod_optor`;

CREATE TABLE `t_copyright_prod_optor` (
  `C_ID` varchar(32) NOT NULL,
  `C_PRODUCT_ID` varchar(32) DEFAULT NULL,
  `C_USER_ID` varchar(32) DEFAULT NULL,
  `C_CREATOR` varchar(32) DEFAULT NULL,
  `C_CREATETIME` datetime DEFAULT NULL,
  `C_MODIFIER` varchar(32) DEFAULT NULL,
  `C_MODIFYTIME` datetime DEFAULT NULL,
  PRIMARY KEY (`C_ID`)
) ENGINE=InnoDB DEFAULT CHARSET=utf8;

/*Data for the table `t_copyright_prod_optor` */

insert  into `t_copyright_prod_optor`(`C_ID`,`C_PRODUCT_ID`,`C_USER_ID`,`C_CREATOR`,`C_CREATETIME`,`C_MODIFIER`,`C_MODIFYTIME`) values ('40282e8153e73c860153e73fad380002','40282e81534cc12a01534cd8ffc20009','40282e81532145f1015323372cf80001','40282e815332f8d8015332f8d8870000','2016-04-06 00:27:03','40282e815332f8d8015332f8d8870000','2016-04-06 00:27:03'),('8a2c1bff557627b601557b6280bd0019','8a2c1bff557627b601557b5ab5c2000d','8a2c1bff557627b601557aed5c7c0001','8a2c1bff557627b601557627b6a30000','2016-06-23 11:51:41','8a2c1bff557627b601557627b6a30000','2016-06-23 11:51:41'),('8a2c1bff55d7995a0155d7995a150000','8a2c1bff557627b601557b5ab5c2000d','8a2c1bff557627b601557aed5c7c0001','8a2c1bff557627b601557627b6a30000','2016-07-11 09:36:39','8a2c1bff557627b601557627b6a30000','2016-07-11 09:36:39');

/*Table structure for table `t_email_setting` */

DROP TABLE IF EXISTS `t_email_setting`;

CREATE TABLE `t_email_setting` (
  `C_ID` varchar(32) NOT NULL,
  `C_HOSTNAME` varchar(200) DEFAULT NULL,
  `C_PORT` varchar(5) DEFAULT NULL,
  `C_TYPE` varchar(2) DEFAULT NULL,
  `C_FROM_EMAIL` varchar(200) DEFAULT NULL,
  `C_FROM_NAME` varchar(200) DEFAULT NULL,
  `C_USER_NAME` varchar(200) DEFAULT NULL,
  `C_PASSWORD` varchar(50) DEFAULT NULL,
  `C_SSL` varchar(2) DEFAULT NULL,
  `C_CREATOR` varchar(32) DEFAULT NULL,
  `C_CREATETIME` datetime DEFAULT NULL,
  `C_MODIFIER` varchar(32) DEFAULT NULL,
  `C_MODIFYTIME` datetime DEFAULT NULL,
  PRIMARY KEY (`C_ID`)
) ENGINE=InnoDB DEFAULT CHARSET=utf8;

/*Data for the table `t_email_setting` */

insert  into `t_email_setting`(`C_ID`,`C_HOSTNAME`,`C_PORT`,`C_TYPE`,`C_FROM_EMAIL`,`C_FROM_NAME`,`C_USER_NAME`,`C_PASSWORD`,`C_SSL`,`C_CREATOR`,`C_CREATETIME`,`C_MODIFIER`,`C_MODIFYTIME`) values ('1','smtp.263.net','25','1','liuchengbin@emrbc.com','北京广播公司','liuchengbin@emrbc.com','liu867257','0','1','2016-03-01 00:38:53','1','2016-06-13 16:00:03');

/*Table structure for table `t_eva_invitation` */

DROP TABLE IF EXISTS `t_eva_invitation`;

CREATE TABLE `t_eva_invitation` (
  `C_ID` varchar(32) NOT NULL,
  `C_USER_ID` varchar(32) DEFAULT NULL,
  `C_PRODUCT_ID` varchar(32) DEFAULT NULL,
  `C_CONTENT` varchar(4000) DEFAULT NULL,
  `C_EVA_STATE` varchar(2) DEFAULT NULL,
  `C_CREATOR` varchar(32) DEFAULT NULL,
  `C_CREATETIME` datetime DEFAULT NULL,
  `C_MODIFIER` varchar(32) DEFAULT NULL,
  `C_MODIFYTIME` datetime DEFAULT NULL,
  PRIMARY KEY (`C_ID`)
) ENGINE=InnoDB DEFAULT CHARSET=utf8;

/*Data for the table `t_eva_invitation` */

insert  into `t_eva_invitation`(`C_ID`,`C_USER_ID`,`C_PRODUCT_ID`,`C_CONTENT`,`C_EVA_STATE`,`C_CREATOR`,`C_CREATETIME`,`C_MODIFIER`,`C_MODIFYTIME`) values ('40282e8153bdff3f0153bdff3ff60000','f9ab6aff535953500153595350100000','40282e81534c83b201534c8b0a520007','<p>尊敬的评审老师，您好！</p><p></p><p>&nbsp;&nbsp;公司拟采购作品《生命册》的相关音频权利，特邀您进行内容审核，您的意见将成为我们制定购买决策的重要依据！</p><p></p><p>&nbsp;&nbsp;<a href=\'http://www.6wanr.com/emarm/evalogin?productId=40282e81534c83b201534c8b0a520007\'>点击此处</a>开始评价，在此感谢您的参与！</p><p></p><p>&nbsp;&nbsp;祝好！</p><p></p><p>评审小组</p><p>2016-03-29</p>','1','40282e81532145f101532145f1cf0000','2016-03-29 00:12:15',NULL,NULL),('402881f25694822d0156948539ba0008','402881f25694822d01569484efa00007','8a2c1bff5547592f015548b7de1e0003','<p>尊敬的评审老师，您好！</p><p></p><p>&nbsp;&nbsp;公司拟采购作品《随便建一个》的相关音频权利，特邀您进行内容审核，您的意见将成为我们制定购买决策的重要依据！</p><p></p><p>&nbsp;&nbsp;<a href=\'http://www.euphonymedia.com/emarm/evalogin?productId=8a2c1bff5547592f015548b7de1e0003\'>点击此处</a>开始评价，在此感谢您的参与！</p><p></p><p>&nbsp;&nbsp;祝好！</p><p></p><p>评审小组</p><p>2016-08-17</p>','1','40282e81532145f101532145f1cf0000','2016-08-17 02:02:54',NULL,NULL),('8a2c1bff552c178901552e92dc860006','1','40282e81534c83b201534c8b0a520007','<p>尊敬的评审老师，您好！</p><p></p><p>&nbsp;&nbsp;公司拟采购作品《生命册》的相关音频权利，特邀您进行内容审核，您的意见将成为我们制定购买决策的重要依据！</p><p></p><p>&nbsp;&nbsp;<a href=\'http://www.euphonymedia.com/evalogin?productId=40282e81534c83b201534c8b0a520007\'>点击此处</a>开始评价，在此感谢您的参与！</p><p></p><p>&nbsp;&nbsp;祝好！</p><p></p><p>评审小组</p><p>2016-06-08</p>','0','1','2016-06-08 13:53:45',NULL,NULL),('8a2c1bff552c178901552e92e2b80007','1','40282e81534c83b201534c8b0a520007','<p>尊敬的评审老师，您好！</p><p></p><p>&nbsp;&nbsp;公司拟采购作品《生命册》的相关音频权利，特邀您进行内容审核，您的意见将成为我们制定购买决策的重要依据！</p><p></p><p>&nbsp;&nbsp;<a href=\'http://www.euphonymedia.com/evalogin?productId=40282e81534c83b201534c8b0a520007\'>点击此处</a>开始评价，在此感谢您的参与！</p><p></p><p>&nbsp;&nbsp;祝好！</p><p></p><p>评审小组</p><p>2016-06-08</p>','0','1','2016-06-08 13:53:46',NULL,NULL),('8a2c1bff552c178901552e92e35a0008','1','40282e81534c83b201534c8b0a520007','<p>尊敬的评审老师，您好！</p><p></p><p>&nbsp;&nbsp;公司拟采购作品《生命册》的相关音频权利，特邀您进行内容审核，您的意见将成为我们制定购买决策的重要依据！</p><p></p><p>&nbsp;&nbsp;<a href=\'http://www.euphonymedia.com/evalogin?productId=40282e81534c83b201534c8b0a520007\'>点击此处</a>开始评价，在此感谢您的参与！</p><p></p><p>&nbsp;&nbsp;祝好！</p><p></p><p>评审小组</p><p>2016-06-08</p>','0','1','2016-06-08 13:53:46',NULL,NULL),('8a2c1bff5557d7fe015557dcbeeb0002','1','8a2c1bff552c178901552e8803520002','<p>尊敬的评审老师，您好！</p><p></p><p>&nbsp;&nbsp;公司拟采购作品《亲密是孤独最好的解药》的相关音频权利，特邀您进行内容审核，您的意见将成为我们制定购买决策的重要依据！</p><p></p><p>&nbsp;&nbsp;<a href=\'http://www.euphonymedia.com/evalogin?productId=8a2c1bff552c178901552e8803520002\'>点击此处</a>开始评价，在此感谢您的参与！</p><p></p><p>&nbsp;&nbsp;祝好！</p><p></p><p>评审小组</p><p>2016-06-16</p>','0','1','2016-06-16 14:18:53',NULL,NULL),('8a2c1bff557627b601557b5e169d0015','8a2c1bff557627b601557af54d990003','8a2c1bff557627b601557b5ab5c2000d','<p>尊敬的评审老师，您好！</p><p></p><p>&nbsp;&nbsp;公司拟采购作品《上海王》的相关音频权利，特邀您进行内容审核，您的意见将成为我们制定购买决策的重要依据！</p><p></p><p>&nbsp;&nbsp;<a href=\'http://www.euphonymedia.com/evalogin?productId=8a2c1bff557627b601557b5ab5c2000d\'>点击此处</a>开始评价，在此感谢您的参与！</p><p></p><p>&nbsp;&nbsp;祝好！</p><p></p><p>评审小组</p><p>2016-06-23</p>','1','8a2c1bff557627b601557aee75100002','2016-06-23 11:46:52',NULL,NULL),('8a2c1bff566d4c2501566d4c25510000','1','40282e81534c83b201534c8b0a520007','<p>尊敬的评审老师，您好！</p><p></p><p>&nbsp;&nbsp;公司拟采购作品《生命册》的相关音频权利，特邀您进行内容审核，您的意见将成为我们制定购买决策的重要依据！</p><p></p><p>&nbsp;&nbsp;<a href=\'http://www.euphonymedia.com/evalogin?productId=40282e81534c83b201534c8b0a520007\'>点击此处</a>开始评价，在此感谢您的参与！</p><p></p><p>&nbsp;&nbsp;祝好！</p><p></p><p>评审小组</p><p>2016-08-09</p>','0','8a2c1bff557627b601557aee75100002','2016-08-09 11:15:22',NULL,NULL),('8a2c1bff566d4c2501566d4c2b630001','8a2c1bff557627b601557af54d990003','40282e81534c83b201534c8b0a520007','<p>尊敬的评审老师，您好！</p><p></p><p>&nbsp;&nbsp;公司拟采购作品《生命册》的相关音频权利，特邀您进行内容审核，您的意见将成为我们制定购买决策的重要依据！</p><p></p><p>&nbsp;&nbsp;<a href=\'http://www.euphonymedia.com/evalogin?productId=40282e81534c83b201534c8b0a520007\'>点击此处</a>开始评价，在此感谢您的参与！</p><p></p><p>&nbsp;&nbsp;祝好！</p><p></p><p>评审小组</p><p>2016-08-09</p>','1','8a2c1bff557627b601557aee75100002','2016-08-09 11:15:24',NULL,NULL),('8a2c1bff566d4c2501566d5a2b3b000f','8a2c1bff557627b601557af54d990003','8a2c1bff566d4c2501566d55ea260004','<p>尊敬的评审老师，您好！</p><p></p><p>&nbsp;&nbsp;公司拟采购作品《大明首辅》的相关音频权利，特邀您进行内容审核，您的意见将成为我们制定购买决策的重要依据！</p><p></p><p>&nbsp;&nbsp;<a href=\'http://www.euphonymedia.com/evalogin?productId=8a2c1bff566d4c2501566d55ea260004\'>点击此处</a>开始评价，在此感谢您的参与！</p><p></p><p>&nbsp;&nbsp;祝好！</p><p></p><p>评审小组</p><p>2016-08-09</p>','1','8a2c1bff557627b601557aee75100002','2016-08-09 11:30:41',NULL,NULL),('8a2c1bff566d4c2501566d5a33f30010','8a2c1bff566d4c2501566d528d1f0002','8a2c1bff566d4c2501566d55ea260004','<p>尊敬的评审老师，您好！</p><p></p><p>&nbsp;&nbsp;公司拟采购作品《大明首辅》的相关音频权利，特邀您进行内容审核，您的意见将成为我们制定购买决策的重要依据！</p><p></p><p>&nbsp;&nbsp;<a href=\'http://www.euphonymedia.com/evalogin?productId=8a2c1bff566d4c2501566d55ea260004\'>点击此处</a>开始评价，在此感谢您的参与！</p><p></p><p>&nbsp;&nbsp;祝好！</p><p></p><p>评审小组</p><p>2016-08-09</p>','1','8a2c1bff557627b601557aee75100002','2016-08-09 11:30:43',NULL,NULL),('8a2c1bff56735bcf0156735bcfad0000','8a2c1bff566d4c2501566d528d1f0002','8a2c1bff566d4c2501566d55ea260004','<p>尊敬的评审老师，您好！</p><p></p><p>&nbsp;&nbsp;公司拟采购作品《大明首辅》的相关音频权利，特邀您进行内容审核，您的意见将成为我们制定购买决策的重要依据！</p><p></p><p>&nbsp;&nbsp;<a href=\'http://www.euphonymedia.com/evalogin?productId=8a2c1bff566d4c2501566d55ea260004\'>点击此处</a>开始评价，在此感谢您的参与！</p><p></p><p>&nbsp;&nbsp;祝好！</p><p></p><p>评审小组</p><p>2016-08-10</p>','1','1','2016-08-10 15:30:12',NULL,NULL);

/*Table structure for table `t_evaluation` */

DROP TABLE IF EXISTS `t_evaluation`;

CREATE TABLE `t_evaluation` (
  `C_ID` varchar(32) NOT NULL,
  `C_USER_ID` varchar(32) DEFAULT NULL,
  `C_PRODUCT_ID` varchar(32) DEFAULT NULL,
  `C_STORY_FRAME` int(11) DEFAULT NULL,
  `C_STORY_TEXT` int(11) DEFAULT NULL,
  `C_STORY_ROLE` int(11) DEFAULT NULL,
  `C_STORY_TARGET` varchar(600) DEFAULT NULL,
  `C_STORY_SUGGEST` varchar(1000) DEFAULT NULL,
  `C_MAKE_AUDIO_EDIT` int(11) DEFAULT NULL,
  `C_MAKE_PLAY_TYPE` varchar(40) DEFAULT NULL,
  `C_MAKE_PLAY_STYLE` varchar(40) DEFAULT NULL,
  `C_MAKE_OTHER_STYLE` varchar(300) DEFAULT NULL,
  `C_MAKE_SUGGEST` varchar(1000) DEFAULT NULL,
  `C_CREATOR` varchar(32) DEFAULT NULL,
  `C_CREATETIME` datetime DEFAULT NULL,
  `C_MODIFIER` varchar(32) DEFAULT NULL,
  `C_MODIFYTIME` datetime DEFAULT NULL,
  PRIMARY KEY (`C_ID`)
) ENGINE=InnoDB DEFAULT CHARSET=utf8;

/*Data for the table `t_evaluation` */

insert  into `t_evaluation`(`C_ID`,`C_USER_ID`,`C_PRODUCT_ID`,`C_STORY_FRAME`,`C_STORY_TEXT`,`C_STORY_ROLE`,`C_STORY_TARGET`,`C_STORY_SUGGEST`,`C_MAKE_AUDIO_EDIT`,`C_MAKE_PLAY_TYPE`,`C_MAKE_PLAY_STYLE`,`C_MAKE_OTHER_STYLE`,`C_MAKE_SUGGEST`,`C_CREATOR`,`C_CREATETIME`,`C_MODIFIER`,`C_MODIFYTIME`) values ('40282e81522c8f2001522c8f20700000','1','40282e81522bc87601522bcb75850003',4,2,3,'白领，家庭主妇','不错',2,'2,4,6,7','2',NULL,'好好好好好','1','2016-01-11 01:22:03','1','2016-01-11 01:22:03'),('40282e815332b2d4015332b2d4560000','40282e8152d46ebb0152d46ebb3b0000','40282e81532dc5b501532dcb82f20003',5,4,5,NULL,'啥都挺好',2,'1,4','4',NULL,'制作制作','40282e8152d46ebb0152d46ebb3b0000','2016-03-01 23:01:34','40282e8152d46ebb0152d46ebb3b0000','2016-03-01 23:01:34'),('40282e81534cc12a01534ef99a50000b','40282e8152d46ebb0152d46ebb3b0000','40282e81534cc12a01534cd8ffc20009',5,5,5,NULL,'建议多采购此作者作品',1,'1,2,3,5','4,5',NULL,'尽快制作','40282e8152d46ebb0152d46ebb3b0000','2016-03-07 10:48:14','40282e8152d46ebb0152d46ebb3b0000','2016-03-07 10:48:14'),('40282e8153be48750153be4875340000','f9ab6aff535953500153595350100000','40282e81534c83b201534c8b0a520007',4,5,5,NULL,'好',2,'1,4','5',NULL,'尽快','f9ab6aff535953500153595350100000','2016-03-29 01:32:13','f9ab6aff535953500153595350100000','2016-03-29 01:32:13'),('402881f25694822d01569487c8d10009','402881f25694822d01569484efa00007','8a2c1bff5547592f015548b7de1e0003',4,4,5,'随便测一个','随便测一个',2,'2','2','','随便测一个','402881f25694822d01569484efa00007','2016-08-17 02:05:42','402881f25694822d01569484efa00007','2016-08-17 02:05:42'),('8a2c1bff5557d7fe015557de2f080003','f9ab6aff535953500153595350100000','8a2c1bff552c178901552e8803520002',4,3,4,NULL,'买吧',1,'1,2,3','2',NULL,'','f9ab6aff535953500153595350100000','2016-06-16 14:20:27','f9ab6aff535953500153595350100000','2016-06-16 14:20:27'),('8a2c1bff5557d7fe015557de427f0004','f9ab6aff535953500153595350100000','8a2c1bff552c178901552e8803520002',4,3,4,NULL,'买吧',1,'1,2,3','2',NULL,'','f9ab6aff535953500153595350100000','2016-06-16 14:20:32','f9ab6aff535953500153595350100000','2016-06-16 14:20:32'),('8a2c1bff557627b601557b5f471a0016','8a2c1bff557627b601557af54d990003','8a2c1bff557627b601557b5ab5c2000d',4,3,3,NULL,'hahahah',1,'1,3','',NULL,'','8a2c1bff557627b601557af54d990003','2016-06-23 11:48:10','8a2c1bff557627b601557af54d990003','2016-06-23 11:48:10'),('8a2c1bff566d4c2501566d5b74980011','8a2c1bff566d4c2501566d528d1f0002','8a2c1bff566d4c2501566d55ea260004',4,4,4,NULL,'还行',1,'1,4','5',NULL,'','8a2c1bff566d4c2501566d528d1f0002','2016-08-09 11:32:05','8a2c1bff566d4c2501566d528d1f0002','2016-08-09 11:32:05'),('8a2c1bff566d4c2501566d5b85490012','8a2c1bff566d4c2501566d528d1f0002','8a2c1bff566d4c2501566d55ea260004',4,4,4,NULL,'还行',1,'1,4','5',NULL,'','8a2c1bff566d4c2501566d528d1f0002','2016-08-09 11:32:10','8a2c1bff566d4c2501566d528d1f0002','2016-08-09 11:32:10'),('8a2c1bff566d4c2501566d5f793f0013','8a2c1bff557627b601557af54d990003','8a2c1bff566d4c2501566d55ea260004',4,4,5,NULL,'',1,'2,3','1,2',NULL,'','8a2c1bff557627b601557af54d990003','2016-08-09 11:36:29','8a2c1bff557627b601557af54d990003','2016-08-09 11:36:29'),('8a2c1bff56701d720156701d72a80000','8a2c1bff557627b601557af54d990003','40282e81534c83b201534c8b0a520007',2,3,4,'上班族','测试其他意见',3,'1,3,6','6','相声','测试制作其他意见','8a2c1bff557627b601557af54d990003','2016-08-10 00:23:13','8a2c1bff557627b601557af54d990003','2016-08-10 00:23:13'),('8a2c1bff56735bcf01567363ee4a0001','8a2c1bff566d4c2501566d528d1f0002','8a2c1bff566d4c2501566d55ea260004',4,3,4,'123','1233',1,'3','1',NULL,'123','8a2c1bff566d4c2501566d528d1f0002','2016-08-10 15:39:04','8a2c1bff566d4c2501566d528d1f0002','2016-08-10 15:39:04'),('f9ab6aff535953500153598f32b10001','f9ab6aff535953500153595350100000','40282e81534c83b201534c87bfbb0004',5,5,5,NULL,'无',1,'1,2,5,7,8','1,2,3',NULL,'无','f9ab6aff535953500153595350100000','2016-03-09 12:07:50','f9ab6aff535953500153595350100000','2016-03-09 12:07:50'),('f9ab6aff535953500153599046270002','f9ab6aff535953500153595350100000','40282e81534c83b201534c83b2de0001',5,5,5,NULL,'无',1,'1,4,6','4,5',NULL,'一定要找个有京腔的制作','f9ab6aff535953500153595350100000','2016-03-09 12:09:01','f9ab6aff535953500153595350100000','2016-03-09 12:09:01'),('f9ab6aff535bdb1801535c1f51320022','f9ab6aff535953500153595350100000','40282e81534cc12a01534cc4c36d0004',5,5,5,NULL,'这本书还有另外一册，建议一并购买',3,'1,4,7','5',NULL,'制作难度较大，需要声线稳重的播音员','f9ab6aff535953500153595350100000','2016-03-10 00:04:30','f9ab6aff535953500153595350100000','2016-03-10 00:04:30'),('f9ab6aff535ef60201535ef6025c0000','f9ab6aff535953500153595350100000','40282e81534c83b201534c8b0a520007',5,4,5,NULL,'',2,'2,8','2',NULL,'','f9ab6aff535953500153595350100000','2016-03-10 13:18:14','f9ab6aff535953500153595350100000','2016-03-10 13:18:14');

/*Table structure for table `t_final_evaluation` */

DROP TABLE IF EXISTS `t_final_evaluation`;

CREATE TABLE `t_final_evaluation` (
  `C_ID` varchar(32) NOT NULL,
  `C_PRODUCT_ID` varchar(32) DEFAULT NULL,
  `C_REF_PRICE` varchar(32) DEFAULT NULL,
  `C_PRODUCT_LEVEL` varchar(2) DEFAULT NULL,
  `C_Author_LEVEL` varchar(2) DEFAULT NULL,
  `C_STORY_VALUE` varchar(2) DEFAULT NULL,
  `C_MAKE_VALUE` varchar(2) DEFAULT NULL,
  `C_ONLY_WEB_CAST` varchar(1) DEFAULT NULL,
  `C_HOT_SUBJECT` varchar(1) DEFAULT NULL,
  `C_CREATOR` varchar(32) DEFAULT NULL,
  `C_CREATETIME` datetime DEFAULT NULL,
  `C_MODIFIER` varchar(32) DEFAULT NULL,
  `C_MODIFYTIME` datetime DEFAULT NULL,
  `C_DOUBAN_SCORE` varchar(10) DEFAULT NULL,
  `C_DOUBAN_SCORER_NUM` varchar(10) DEFAULT NULL,
  `C_KAIJUAN_MONTH_SALE` varchar(10) DEFAULT NULL,
  `C_KAIJUAN_YEAR_SALE` varchar(10) DEFAULT NULL,
  `C_KAIJUAN_TOTAL_SALE` varchar(10) DEFAULT NULL,
  `C_BUY_SUGGEST` varchar(60) DEFAULT NULL,
  PRIMARY KEY (`C_ID`)
) ENGINE=InnoDB DEFAULT CHARSET=utf8;

/*Data for the table `t_final_evaluation` */

insert  into `t_final_evaluation`(`C_ID`,`C_PRODUCT_ID`,`C_REF_PRICE`,`C_PRODUCT_LEVEL`,`C_Author_LEVEL`,`C_STORY_VALUE`,`C_MAKE_VALUE`,`C_ONLY_WEB_CAST`,`C_HOT_SUBJECT`,`C_CREATOR`,`C_CREATETIME`,`C_MODIFIER`,`C_MODIFYTIME`,`C_DOUBAN_SCORE`,`C_DOUBAN_SCORER_NUM`,`C_KAIJUAN_MONTH_SALE`,`C_KAIJUAN_YEAR_SALE`,`C_KAIJUAN_TOTAL_SALE`,`C_BUY_SUGGEST`) values ('40282e81524e72a901524e72a98d0000','40282e81522bc87601522bcb75850003','24000','0','1','2','2','0','1','1','2016-01-17 15:18:03',NULL,NULL,NULL,NULL,NULL,NULL,NULL,NULL),('40282e815332b2d4015332bb52b50001','40282e81532dc5b501532dcb82f20003','24000','1','1','2','2','0','1','40282e81532145f101532145f1cf0000','2016-03-01 23:10:51',NULL,NULL,NULL,NULL,NULL,NULL,NULL,NULL),('402881f2568a6b3701568a6b37a90000','40282e81534cc12a01534cd8ffc20009','3000','0','0','2','2','0','0','40282e81532145f101532145f1cf0000','2016-08-15 02:58:18',NULL,NULL,'6.0','3299','1000','1500','3000','买'),('8a2c1bff5557d7fe015557dfbe750005','8a2c1bff552c178901552e8803520002','2880','0','0','2','2','0','1','40282e81532145f101532145f1cf0000','2016-06-16 14:22:09',NULL,NULL,NULL,NULL,NULL,NULL,NULL,NULL),('8a2c1bff557627b601557b608cf40017','8a2c1bff557627b601557b5ab5c2000d','4500','0','0','2','2','0','1','8a2c1bff557627b601557aee75100002','2016-06-23 11:49:33',NULL,NULL,NULL,NULL,NULL,NULL,NULL,NULL),('f9ab6aff535953500153599174880003','40282e81534c83b201534c87bfbb0004','33600','0','1','2','1','0','1','40282e81532145f101532145f1cf0000','2016-03-09 12:10:18',NULL,NULL,NULL,NULL,NULL,NULL,NULL,NULL),('f9ab6aff5359535001535992b0570004','40282e81534c83b201534c83b2de0001','2800','0','0','3','1','0','1','40282e81532145f101532145f1cf0000','2016-03-09 12:11:39',NULL,NULL,NULL,NULL,NULL,NULL,NULL,NULL),('f9ab6aff535bdb1801535c2060b10023','40282e81534cc12a01534cc4c36d0004','4350','0','0','2','3','0','1','40282e81532145f101532145f1cf0000','2016-03-10 00:05:39',NULL,NULL,NULL,NULL,NULL,NULL,NULL,NULL);

/*Table structure for table `t_make_contract` */

DROP TABLE IF EXISTS `t_make_contract`;

CREATE TABLE `t_make_contract` (
  `C_ID` varchar(32) NOT NULL,
  `C_CODE` varchar(20) DEFAULT NULL,
  `C_PRODUCT_ID` varchar(32) DEFAULT NULL,
  `C_MAKER_ID` varchar(32) DEFAULT NULL,
  `C_TARGET_TYPE` varchar(1) DEFAULT NULL,
  `C_OWNER` varchar(60) DEFAULT NULL,
  `C_OWNER_CONTACT` varchar(60) DEFAULT NULL,
  `C_OWNER_CONTACT_PHONE` varchar(20) DEFAULT NULL,
  `C_OWNER_CONTACT_ADDRESS` varchar(300) DEFAULT NULL,
  `C_OWNER_CONTACT_EMAIL` varchar(60) DEFAULT NULL,
  `C_WORKER` varchar(60) DEFAULT NULL,
  `C_WORKER_CONTACT` varchar(60) DEFAULT NULL,
  `C_WORKER_CONTACT_PHONE` varchar(20) DEFAULT NULL,
  `C_WORKER_CONTACT_ADDRESS` varchar(300) DEFAULT NULL,
  `C_WORKER_CONTACT_EMAIL` varchar(60) DEFAULT NULL,
  `C_TOTAL_SECTION` int(11) DEFAULT NULL,
  `C_PRICE` decimal(10,0) DEFAULT NULL,
  `C_TOTAL_PRICE` decimal(10,0) DEFAULT NULL,
  `C_PENALTY` decimal(10,0) DEFAULT NULL,
  `C_SHOWER_ID` varchar(32) DEFAULT NULL,
  `C_BANK_ACCOUNT_NAME` varchar(300) DEFAULT NULL,
  `C_BANK_ACCOUNT_NO` varchar(30) DEFAULT NULL,
  `C_BANK` varchar(300) DEFAULT NULL,
  `C_STATE` varchar(3) DEFAULT NULL,
  `C_CREATOR` varchar(32) DEFAULT NULL,
  `C_CREATETIME` datetime DEFAULT NULL,
  `C_MODIFIER` varchar(32) DEFAULT NULL,
  `C_MODIFYTIME` datetime DEFAULT NULL,
  PRIMARY KEY (`C_ID`)
) ENGINE=InnoDB DEFAULT CHARSET=utf8;

/*Data for the table `t_make_contract` */

insert  into `t_make_contract`(`C_ID`,`C_CODE`,`C_PRODUCT_ID`,`C_MAKER_ID`,`C_TARGET_TYPE`,`C_OWNER`,`C_OWNER_CONTACT`,`C_OWNER_CONTACT_PHONE`,`C_OWNER_CONTACT_ADDRESS`,`C_OWNER_CONTACT_EMAIL`,`C_WORKER`,`C_WORKER_CONTACT`,`C_WORKER_CONTACT_PHONE`,`C_WORKER_CONTACT_ADDRESS`,`C_WORKER_CONTACT_EMAIL`,`C_TOTAL_SECTION`,`C_PRICE`,`C_TOTAL_PRICE`,`C_PENALTY`,`C_SHOWER_ID`,`C_BANK_ACCOUNT_NAME`,`C_BANK_ACCOUNT_NO`,`C_BANK`,`C_STATE`,`C_CREATOR`,`C_CREATETIME`,`C_MODIFIER`,`C_MODIFYTIME`) values ('40282e8152d6816a0152d683a9250001','M20160213-001','40282e8152503a43015250410e640009','40282e8152d46ebb0152d46ebb3b0000','0','悦库时光','王婷','13111111111','北广','wt@em.com','高大壮','高大壮','13222222222','大壮家里','gdz@gdz.com',50,'2000','100000','200',NULL,'高大壮','高大壮','中国银行','0','1','2016-02-13 01:24:59','1','2016-02-13 01:24:59'),('40282e815332f8d80153334dc495000d','M20160302-001','40282e81532dc5b501532dcb82f20003','40282e8152d46ebb0152d46ebb3b0000','0','悦库时光','刘诗诗','13433322211','北广大厦','lss@em.com','王月坡','王月坡','13245654321','北京','wyp@yp.com',30,'200','6000','200',NULL,'王月坡','王月坡','中国银行','10','40282e815332f8d8015333321b92000c','2016-03-02 01:50:48','40282e815332f8d8015333321b92000c','2016-03-03 00:59:03'),('f9ab6aff535bdb1801535be72ad30004','M20160309-001','40282e81534c83b201534c83b2de0001','40282e8152d46ebb0152d46ebb3b0000','1','北京广播公司','刘婷婷','13245678654','北京市东城区建国门外大街6号','liutingting@rbc.cn','罗兵','罗兵','13588866428','北京市西城区什刹海南路115号院','luobing@rbc.cn',13,'5000','65000','200',NULL,'罗兵','罗兵','交通银行什刹海支行','10','40282e815332f8d8015333321b92000c','2016-03-09 23:03:10','40282e815332f8d8015333321b92000c','2016-03-09 23:28:24'),('f9ab6aff535bdb1801535c1a8d9a0021','M20160309-002','40282e81534c83b201534c87bfbb0004','40282e8152d46ebb0152d46ebb3b0000','0','北京广播公司','刘婷婷','13436792568','北京市东城区建国门外大街甲14号605','liutingting@rbc.cn','严艺丹','严艺丹','18698763457','北京市海淀区上地三街3号','yanyidan@163.com',15,'10000','150000','300',NULL,'严艺丹','严艺丹','华夏银行',NULL,'40282e815332f8d8015333321b92000c','2016-03-09 23:59:17','40282e815332f8d8015333321b92000c','2016-03-09 23:59:17');

/*Table structure for table `t_make_ctrt_doc` */

DROP TABLE IF EXISTS `t_make_ctrt_doc`;

CREATE TABLE `t_make_ctrt_doc` (
  `C_ID` varchar(32) NOT NULL,
  `C_CONTRACT_ID` varchar(32) DEFAULT NULL,
  `C_TYPE` varchar(2) DEFAULT NULL,
  `C_CREATOR_ID` varchar(32) DEFAULT NULL,
  `C_CREATETIME` datetime DEFAULT NULL,
  `C_VERSION` varchar(10) DEFAULT NULL,
  `C_FILE_URL` varchar(500) DEFAULT NULL,
  PRIMARY KEY (`C_ID`)
) ENGINE=InnoDB DEFAULT CHARSET=utf8;

/*Data for the table `t_make_ctrt_doc` */

insert  into `t_make_ctrt_doc`(`C_ID`,`C_CONTRACT_ID`,`C_TYPE`,`C_CREATOR_ID`,`C_CREATETIME`,`C_VERSION`,`C_FILE_URL`) values ('40282e8152d93c190152d93c192d0000','40282e8152d6816a0152d683a9250001',NULL,'1','2016-02-13 14:05:40','1.0','/mc/20160213/820b17e815ef4d0f9337c82716c4239d.doc'),('40282e8152d93c190152d94305f00001','40282e8152d6816a0152d683a9250001',NULL,'1','2016-02-13 14:13:14','1.1','/uploadTmp/doc/20160213/548a7c02c80b48b8ab388bf5146b2650_SAML Core.docx'),('40282e815332f8d80153334e7146000e','40282e815332f8d80153334dc495000d',NULL,'40282e815332f8d8015333321b92000c','2016-03-02 01:51:32','1.0','/mc/20160302/f45e310ad662475b868f1988c7a2ab23.doc'),('40282e815332f8d80153334eb865000f','40282e815332f8d80153334dc495000d',NULL,'40282e815332f8d8015333321b92000c','2016-03-02 01:51:50','1.1','/uploadTmp/doc/20160302/e0f287442a174d938fe60926c280e0b2_委托书.txt'),('40282e81546d15bf01546d15bf210000','f9ab6aff535bdb1801535c1a8d9a0021','1','40282e815332f8d8015333321b92000c','2016-05-02 00:10:22','1.0','/uploadTmp/doc/20160502/82cad84ccd9747e2bc5e7334cbfe9d84_面试评估表-UI岗位-zzh.docx'),('f9ab6aff535bdb1801535be7db960005','f9ab6aff535bdb1801535be72ad30004',NULL,'40282e815332f8d8015333321b92000c','2016-03-09 23:03:55','1.0','/uploadTmp/doc/20160309/4aaab82bf1004fd2a2064a8e3b983053_合同-2015-wz-086.pdf');

/*Table structure for table `t_make_task` */

DROP TABLE IF EXISTS `t_make_task`;

CREATE TABLE `t_make_task` (
  `C_ID` varchar(32) NOT NULL,
  `C_NAME` varchar(200) DEFAULT NULL,
  `C_PRODUCT_ID` varchar(32) DEFAULT NULL,
  `C_MAKER_ID` varchar(32) DEFAULT NULL,
  `C_TIME_SECTION` int(11) DEFAULT NULL,
  `C_TOTAL_SECTION` int(11) DEFAULT NULL,
  `C_SHOW_TYPE` varchar(2) DEFAULT NULL,
  `C_MAKE_TIME` int(11) DEFAULT NULL,
  `C_SHOW_EXPECTION` varchar(1000) DEFAULT NULL,
  `C_CONTRACT_ID` varchar(32) DEFAULT NULL,
  `C_STATE` varchar(2) DEFAULT NULL,
  `C_DESC` varchar(1000) DEFAULT NULL,
  `C_CREATOR` varchar(32) DEFAULT NULL,
  `C_CREATETIME` datetime DEFAULT NULL,
  `C_MODIFIER` varchar(32) DEFAULT NULL,
  `C_MODIFYTIME` datetime DEFAULT NULL,
  `C_EXT_FINISH` varchar(2) DEFAULT NULL,
  PRIMARY KEY (`C_ID`)
) ENGINE=InnoDB DEFAULT CHARSET=utf8;

/*Data for the table `t_make_task` */

insert  into `t_make_task`(`C_ID`,`C_NAME`,`C_PRODUCT_ID`,`C_MAKER_ID`,`C_TIME_SECTION`,`C_TOTAL_SECTION`,`C_SHOW_TYPE`,`C_MAKE_TIME`,`C_SHOW_EXPECTION`,`C_CONTRACT_ID`,`C_STATE`,`C_DESC`,`C_CREATOR`,`C_CREATETIME`,`C_MODIFIER`,`C_MODIFYTIME`,`C_EXT_FINISH`) values ('40282e8152d49fd10152d49fd1290000','搜神传','40282e8152503a43015250410e640009','40282e8152d46ebb0152d46ebb3b0000',20,50,'1',30,'说得好点','','0','钱好说','1','2016-02-12 16:36:30','1','2016-02-12 16:36:30',NULL),('40282e8152eaf2b00152eaf2b06e0000','测试作品','40282e8152e074d50152e5d614a50005','40282e8152d46ebb0152d46ebb3b0000',30,20,'1',20,'说得好点','','0','钱好说','1','2016-02-17 00:38:39','1','2016-02-17 00:38:39',NULL),('40282e815332f8d80153334fac150010','择天记','40282e81532dc5b501532dcb82f20003','40282e8152d46ebb0152d46ebb3b0000',25,NULL,'1',20,'王月坡就行','','1','一定要王月坡','40282e815332f8d8015333321b92000c','2016-03-02 01:52:53','40282e815332f8d8015333321b92000c','2016-03-02 23:33:50',NULL),('f9ab6aff535bdb1801535be9067d0006','老炮儿','40282e81534c83b201534c83b2de0001','40282e8152d46ebb0152d46ebb3b0000',20,NULL,'1',30,'京腔为主，展现老北京原有风貌','f9ab6aff535bdb1801535be72ad30004','1','时间如果来不及可以适当延长，质量优先','40282e815332f8d8015333321b92000c','2016-03-09 23:05:12','40282e815332f8d8015333321b92000c','2016-03-09 23:05:40',NULL),('f9ab6aff535e722b01535e76e57f0001','克拉恋人','40282e81534c83b201534c87bfbb0004','40282e8152d46ebb0152d46ebb3b0000',5,NULL,'1',3,'甜美女声',NULL,'0','片花15秒长度','40282e815332f8d8015333321b92000c','2016-03-10 10:59:24','40282e815332f8d8015333321b92000c','2016-03-10 10:59:24',NULL);

/*Table structure for table `t_make_task_audio` */

DROP TABLE IF EXISTS `t_make_task_audio`;

CREATE TABLE `t_make_task_audio` (
  `C_ID` varchar(32) NOT NULL,
  `C_MAKE_TASK_ID` varchar(32) DEFAULT NULL,
  `C_TITLE` varchar(300) DEFAULT NULL,
  `C_STATE` varchar(2) DEFAULT NULL,
  `C_IS_SAMPLE` varchar(2) DEFAULT NULL,
  `C_CREATOR` varchar(32) DEFAULT NULL,
  `C_CREATETIME` datetime DEFAULT NULL,
  `C_MODIFIER` varchar(32) DEFAULT NULL,
  `C_MODIFYTIME` datetime DEFAULT NULL,
  PRIMARY KEY (`C_ID`)
) ENGINE=InnoDB DEFAULT CHARSET=utf8;

/*Data for the table `t_make_task_audio` */

insert  into `t_make_task_audio`(`C_ID`,`C_MAKE_TASK_ID`,`C_TITLE`,`C_STATE`,`C_IS_SAMPLE`,`C_CREATOR`,`C_CREATETIME`,`C_MODIFIER`,`C_MODIFYTIME`) values ('40282e815313f716015313f717020000','40282e8152eaf2b00152eaf2b06e0000','第一集',NULL,NULL,'1','2016-02-24 23:47:54','1','2016-02-24 23:47:54'),('40282e815319920f015319933a900001','40282e8152eaf2b00152eaf2b06e0000','第二集',NULL,NULL,'1','2016-02-26 01:56:33','1','2016-02-26 01:56:33'),('40282e815337f817015337f8176b0000','40282e815332f8d80153334fac150010','样带一','1',NULL,'40282e8152d46ebb0152d46ebb3b0000','2016-03-02 23:35:19','40282e815332f8d8015333321b92000c','2016-03-03 00:29:35'),('40282e81533841cd01533841cd840000','40282e815332f8d80153334fac150010','第一集','0',NULL,'40282e8152d46ebb0152d46ebb3b0000','2016-03-03 00:55:50','40282e8152d46ebb0152d46ebb3b0000','2016-03-03 00:55:50'),('40282e81534cc12a01534f1077e6000d','40282e815332f8d80153334fac150010','第二集','1',NULL,'40282e8152d46ebb0152d46ebb3b0000','2016-03-07 11:13:13','40282e815332f8d8015333321b92000c','2016-03-07 11:16:32'),('f9ab6aff535bdb1801535beae37f0007','f9ab6aff535bdb1801535be9067d0006','样音','1',NULL,'40282e815332f8d8015333321b92000c','2016-03-09 23:07:14','40282e815332f8d8015333321b92000c','2016-03-09 23:07:14'),('f9ab6aff535bdb1801535beed4360008','f9ab6aff535bdb1801535be9067d0006','第一集','1',NULL,'40282e815332f8d8015333321b92000c','2016-03-09 23:11:32','40282e815332f8d8015333321b92000c','2016-03-09 23:11:32'),('f9ab6aff535bdb1801535beefb650009','f9ab6aff535bdb1801535be9067d0006','第二集','1',NULL,'40282e815332f8d8015333321b92000c','2016-03-09 23:11:42','40282e815332f8d8015333321b92000c','2016-03-09 23:11:42'),('f9ab6aff535bdb1801535bef1cc9000a','f9ab6aff535bdb1801535be9067d0006','第三集','1',NULL,'40282e815332f8d8015333321b92000c','2016-03-09 23:11:50','40282e815332f8d8015333321b92000c','2016-03-09 23:11:50'),('f9ab6aff535bdb1801535bef3429000b','f9ab6aff535bdb1801535be9067d0006','第四集','1',NULL,'40282e815332f8d8015333321b92000c','2016-03-09 23:11:56','40282e815332f8d8015333321b92000c','2016-03-09 23:11:56'),('f9ab6aff535bdb1801535bef5137000c','f9ab6aff535bdb1801535be9067d0006','第五集','1',NULL,'40282e815332f8d8015333321b92000c','2016-03-09 23:12:04','40282e815332f8d8015333321b92000c','2016-03-09 23:12:04'),('f9ab6aff535bdb1801535bef729a000d','f9ab6aff535bdb1801535be9067d0006','第六集','1',NULL,'40282e815332f8d8015333321b92000c','2016-03-09 23:12:12','40282e815332f8d8015333321b92000c','2016-03-09 23:12:12'),('f9ab6aff535bdb1801535bef8b14000e','f9ab6aff535bdb1801535be9067d0006','第七集','1',NULL,'40282e815332f8d8015333321b92000c','2016-03-09 23:12:19','40282e815332f8d8015333321b92000c','2016-03-09 23:12:19'),('f9ab6aff535bdb1801535befaa26000f','f9ab6aff535bdb1801535be9067d0006','第八集','1',NULL,'40282e815332f8d8015333321b92000c','2016-03-09 23:12:27','40282e815332f8d8015333321b92000c','2016-03-09 23:12:27'),('f9ab6aff535bdb1801535befc5fb0010','f9ab6aff535bdb1801535be9067d0006','第九集','1',NULL,'40282e815332f8d8015333321b92000c','2016-03-09 23:12:34','40282e815332f8d8015333321b92000c','2016-03-09 23:12:34'),('f9ab6aff535bdb1801535befe1730011','f9ab6aff535bdb1801535be9067d0006','第十集','1',NULL,'40282e815332f8d8015333321b92000c','2016-03-09 23:12:41','40282e815332f8d8015333321b92000c','2016-03-09 23:12:41'),('f9ab6aff535bdb1801535bf003b10012','f9ab6aff535bdb1801535be9067d0006','第十一集','1',NULL,'40282e815332f8d8015333321b92000c','2016-03-09 23:12:50','40282e815332f8d8015333321b92000c','2016-03-09 23:12:50'),('f9ab6aff535bdb1801535bf0267b0013','f9ab6aff535bdb1801535be9067d0006','第十二集','1',NULL,'40282e815332f8d8015333321b92000c','2016-03-09 23:12:58','40282e815332f8d8015333321b92000c','2016-03-09 23:12:58'),('f9ab6aff535bdb1801535bf049560014','f9ab6aff535bdb1801535be9067d0006','第十三集','1',NULL,'40282e815332f8d8015333321b92000c','2016-03-09 23:13:07','40282e815332f8d8015333321b92000c','2016-03-09 23:13:07');

/*Table structure for table `t_make_task_audio_audit` */

DROP TABLE IF EXISTS `t_make_task_audio_audit`;

CREATE TABLE `t_make_task_audio_audit` (
  `C_ID` varchar(32) NOT NULL,
  `C_MAKE_TASK_AUDIO_ID` varchar(32) DEFAULT NULL,
  `C_RESULT` varchar(2) DEFAULT NULL,
  `C_REMARK` varchar(600) DEFAULT NULL,
  `C_CREATOR` varchar(32) DEFAULT NULL,
  `C_CREATETIME` datetime DEFAULT NULL,
  `C_MODIFIER` varchar(32) DEFAULT NULL,
  `C_MODIFYTIME` datetime DEFAULT NULL,
  PRIMARY KEY (`C_ID`)
) ENGINE=InnoDB DEFAULT CHARSET=utf8;

/*Data for the table `t_make_task_audio_audit` */

insert  into `t_make_task_audio_audit`(`C_ID`,`C_MAKE_TASK_AUDIO_ID`,`C_RESULT`,`C_REMARK`,`C_CREATOR`,`C_CREATETIME`,`C_MODIFIER`,`C_MODIFYTIME`) values ('40282e815319920f015319920f7b0000','40282e815313f716015313f717020000','-1','哪不好了？','1','2016-02-26 01:55:16','1','2016-02-26 01:55:16'),('40282e815319920f01531993a2030003','40282e815319920f015319933a900001','-1','新出炉的','1','2016-02-26 01:56:59','1','2016-02-26 01:56:59'),('40282e815319920f01531993d5150004','40282e815313f716015313f717020000','-1','快说呀','1','2016-02-26 01:57:12','1','2016-02-26 01:57:12'),('40282e815337f817015337f9d03b0002','40282e815337f817015337f8176b0000','-1','听着不行啊，再改改','40282e815332f8d8015333321b92000c','2016-03-02 23:37:12','40282e815332f8d8015333321b92000c','2016-03-02 23:37:12'),('40282e81534cc12a01534f12474d000f','40282e81534cc12a01534f1077e6000d','-1','讲得太慢','40282e815332f8d8015333321b92000c','2016-03-07 11:15:11','40282e815332f8d8015333321b92000c','2016-03-07 11:15:11'),('40282e81534cc12a01534f1339ab0010','40282e81534cc12a01534f1077e6000d','-1','我觉得还行啊','40282e8152d46ebb0152d46ebb3b0000','2016-03-07 11:16:13','40282e8152d46ebb0152d46ebb3b0000','2016-03-07 11:16:13'),('f9ab6aff535bdb1801535bf70da70015','f9ab6aff535bdb1801535beae37f0007','-1','样音非常棒，谢谢罗老师','40282e815332f8d8015333321b92000c','2016-03-09 23:20:31','40282e815332f8d8015333321b92000c','2016-03-09 23:20:31');

/*Table structure for table `t_make_task_audio_file` */

DROP TABLE IF EXISTS `t_make_task_audio_file`;

CREATE TABLE `t_make_task_audio_file` (
  `C_ID` varchar(32) NOT NULL,
  `C_MAKE_TASK_AUDIO_ID` varchar(32) DEFAULT NULL,
  `C_VERSION` varchar(30) DEFAULT NULL,
  `C_FILE_URL` varchar(1000) DEFAULT NULL,
  `C_STATE` varchar(2) DEFAULT NULL,
  `C_CREATOR` varchar(32) DEFAULT NULL,
  `C_CREATETIME` datetime DEFAULT NULL,
  `C_MODIFIER` varchar(32) DEFAULT NULL,
  `C_MODIFYTIME` datetime DEFAULT NULL,
  PRIMARY KEY (`C_ID`)
) ENGINE=InnoDB DEFAULT CHARSET=utf8;

/*Data for the table `t_make_task_audio_file` */

insert  into `t_make_task_audio_file`(`C_ID`,`C_MAKE_TASK_AUDIO_ID`,`C_VERSION`,`C_FILE_URL`,`C_STATE`,`C_CREATOR`,`C_CREATETIME`,`C_MODIFIER`,`C_MODIFYTIME`) values ('1','f9ab6aff535bdb1801535beae37f0007','1.0','/uploadTmp/audio/20160309/laopaoer1.mp3','1','40282e8152d46ebb0152d46ebb3b0000','2016-03-09 23:19:22','40282e8152d46ebb0152d46ebb3b0000','2016-03-09 23:19:35'),('10','f9ab6aff535bdb1801535befc5fb0010','1.0','/uploadTmp/audio/20160309/laopaoer1.mp3','1','40282e8152d46ebb0152d46ebb3b0000','2016-03-10 00:40:48','40282e8152d46ebb0152d46ebb3b0000','2016-03-10 00:40:48'),('11','f9ab6aff535bdb1801535befe1730011','1.0','/uploadTmp/audio/20160309/laopaoer1.mp3','1','40282e8152d46ebb0152d46ebb3b0000','2016-03-10 00:40:48','40282e8152d46ebb0152d46ebb3b0000','2016-03-10 00:40:48'),('12','f9ab6aff535bdb1801535bf003b10012','1.0','/uploadTmp/audio/20160309/laopaoer1.mp3','1','40282e8152d46ebb0152d46ebb3b0000','2016-03-10 00:40:48','40282e8152d46ebb0152d46ebb3b0000','2016-03-10 00:40:48'),('13','f9ab6aff535bdb1801535bf0267b0013','1.0','/uploadTmp/audio/20160309/laopaoer1.mp3','1','40282e8152d46ebb0152d46ebb3b0000','2016-03-10 00:40:48','40282e8152d46ebb0152d46ebb3b0000','2016-03-10 00:40:48'),('14','f9ab6aff535bdb1801535bf0267b0014','1.0','/uploadTmp/audio/20160309/laopaoer1.mp3','1','40282e8152d46ebb0152d46ebb3b0000','2016-03-10 00:40:48','40282e8152d46ebb0152d46ebb3b0000','2016-03-10 00:40:48'),('2','f9ab6aff535bdb1801535beed4360008','1.0','/uploadTmp/audio/20160309/laopaoer1.mp3','1','40282e8152d46ebb0152d46ebb3b0000','2016-03-09 23:21:31','40282e8152d46ebb0152d46ebb3b0000','2016-03-09 23:21:40'),('3','f9ab6aff535bdb1801535beefb650009','1.0','/uploadTmp/audio/20160309/laopaoer1.mp3','1','40282e8152d46ebb0152d46ebb3b0000','2016-03-10 00:40:48','40282e8152d46ebb0152d46ebb3b0000','2016-03-10 00:40:48'),('4','f9ab6aff535bdb1801535bef1cc9000a','1.0','/uploadTmp/audio/20160309/laopaoer1.mp3','1','40282e8152d46ebb0152d46ebb3b0000','2016-03-10 00:40:48','40282e8152d46ebb0152d46ebb3b0000','2016-03-10 00:40:48'),('40282e8153192c490153192c49bc0000','40282e815313f716015313f717020000','1.0',NULL,NULL,'1','2016-02-26 00:04:06','1','2016-02-26 00:04:06'),('40282e815319920f0153199369c50002','40282e815319920f015319933a900001','1.0',NULL,NULL,'1','2016-02-26 01:56:45','1','2016-02-26 01:56:45'),('40282e815337f817015338027d4b0003','40282e815337f817015337f8176b0000','1.0','/uploadTmp/audio/20160302/8f8afc79d02b451eb39373a83cfbcf03_Kalimba.mp3','1','40282e8152d46ebb0152d46ebb3b0000','2016-03-02 23:46:41','40282e815332f8d8015333321b92000c','2016-03-03 00:29:35'),('40282e81533841cd01533842166a0001','40282e81533841cd01533841cd840000','1.0','/uploadTmp/audio/20160303/191141659f0745e1888aaebc9adfc813_Sleep Away.mp3','0','40282e8152d46ebb0152d46ebb3b0000','2016-03-03 00:56:09','40282e8152d46ebb0152d46ebb3b0000','2016-03-03 00:56:09'),('40282e81534cc12a01534f10af5f000e','40282e81534cc12a01534f1077e6000d','1.0','/uploadTmp/audio/20160307/1a8d2051351e4aa2bdd8fbe8b91b2c66_Kalimba.mp3','1','40282e8152d46ebb0152d46ebb3b0000','2016-03-07 11:13:27','40282e815332f8d8015333321b92000c','2016-03-07 11:16:32'),('5','f9ab6aff535bdb1801535bef3429000b','1.0','/uploadTmp/audio/20160309/laopaoer1.mp3','1','40282e8152d46ebb0152d46ebb3b0000','2016-03-10 00:40:48','40282e8152d46ebb0152d46ebb3b0000','2016-03-10 00:40:48'),('6','f9ab6aff535bdb1801535bef5137000c','1.0','/uploadTmp/audio/20160309/laopaoer1.mp3','1','40282e8152d46ebb0152d46ebb3b0000','2016-03-10 00:40:48','40282e8152d46ebb0152d46ebb3b0000','2016-03-10 00:40:48'),('7','f9ab6aff535bdb1801535bef729a000d','1.0','/uploadTmp/audio/20160309/laopaoer1.mp3','1','40282e8152d46ebb0152d46ebb3b0000','2016-03-10 00:40:48','40282e8152d46ebb0152d46ebb3b0000','2016-03-10 00:40:48'),('8','f9ab6aff535bdb1801535bef8b14000e','1.0','/uploadTmp/audio/20160309/laopaoer1.mp3','1','40282e8152d46ebb0152d46ebb3b0000','2016-03-10 00:40:48','40282e8152d46ebb0152d46ebb3b0000','2016-03-10 00:40:48'),('9','f9ab6aff535bdb1801535befaa26000f','1.0','/uploadTmp/audio/20160309/laopaoer1.mp3','1','40282e8152d46ebb0152d46ebb3b0000','2016-03-10 00:40:48','40282e8152d46ebb0152d46ebb3b0000','2016-03-10 00:40:48');

/*Table structure for table `t_make_task_cpfile` */

DROP TABLE IF EXISTS `t_make_task_cpfile`;

CREATE TABLE `t_make_task_cpfile` (
  `C_ID` varchar(32) NOT NULL,
  `C_MAKE_TASK_ID` varchar(32) DEFAULT NULL,
  `C_CREATOR_ID` varchar(32) DEFAULT NULL,
  `C_CREATETIME` datetime DEFAULT NULL,
  `C_VERSION` varchar(10) DEFAULT NULL,
  `C_FILE_URL` varchar(500) DEFAULT NULL,
  PRIMARY KEY (`C_ID`)
) ENGINE=InnoDB DEFAULT CHARSET=utf8;

/*Data for the table `t_make_task_cpfile` */

insert  into `t_make_task_cpfile`(`C_ID`,`C_MAKE_TASK_ID`,`C_CREATOR_ID`,`C_CREATETIME`,`C_VERSION`,`C_FILE_URL`) values ('40282e8154b06a420154b06ebc170002','40282e815332f8d80153334fac150010','40282e8152d46ebb0152d46ebb3b0000','2016-05-15 02:02:08',NULL,'/uploadTmp/doc/20160515/a019102d7448491ebdb27b1493a98a7a_SAML Core.docx');

/*Table structure for table `t_product` */

DROP TABLE IF EXISTS `t_product`;

CREATE TABLE `t_product` (
  `C_ID` varchar(32) NOT NULL,
  `C_NAME` varchar(60) DEFAULT NULL,
  `C_SUBJECT_ID` varchar(32) DEFAULT NULL,
  `C_AUTHOR_ID` varchar(32) DEFAULT NULL,
  `C_TYPE` varchar(1) DEFAULT NULL,
  `C_PUBLISH_STATE` varchar(4) DEFAULT NULL,
  `C_PUBLISH_YEAR` varchar(10) DEFAULT NULL,
  `C_FINISH_YEAR` varchar(10) DEFAULT NULL,
  `C_STATE` varchar(4) DEFAULT NULL,
  `C_WORD_COUNT` decimal(11,1) DEFAULT NULL,
  `C_SECTION_COUNT` int(11) DEFAULT NULL,
  `C_SECTION_LENGTH` int(11) DEFAULT NULL,
  `C_PRESS` varchar(200) DEFAULT NULL,
  `C_WEBSITE` varchar(200) DEFAULT NULL,
  `C_SUMMARY` varchar(2000) DEFAULT NULL,
  `C_HAS_AUDIO` varchar(1) DEFAULT NULL,
  `C_AUDIO_COPYRIGHT` varchar(1) DEFAULT NULL,
  `C_AUDIO_DESC` varchar(500) DEFAULT NULL,
  `C_ISBN` varchar(100) DEFAULT NULL,
  `C_LOGO_URL` varchar(100) DEFAULT NULL,
  `C_RESERVED` varchar(1) DEFAULT NULL,
  `C_CREATOR` varchar(32) DEFAULT NULL,
  `C_CREATETIME` datetime DEFAULT NULL,
  `C_MODIFIER` varchar(32) DEFAULT NULL,
  `C_MODIFYTIME` datetime DEFAULT NULL,
  `C_IN_MEDIARES` varchar(1) DEFAULT '0',
  PRIMARY KEY (`C_ID`)
) ENGINE=InnoDB DEFAULT CHARSET=utf8;

/*Data for the table `t_product` */

insert  into `t_product`(`C_ID`,`C_NAME`,`C_SUBJECT_ID`,`C_AUTHOR_ID`,`C_TYPE`,`C_PUBLISH_STATE`,`C_PUBLISH_YEAR`,`C_FINISH_YEAR`,`C_STATE`,`C_WORD_COUNT`,`C_SECTION_COUNT`,`C_SECTION_LENGTH`,`C_PRESS`,`C_WEBSITE`,`C_SUMMARY`,`C_HAS_AUDIO`,`C_AUDIO_COPYRIGHT`,`C_AUDIO_DESC`,`C_ISBN`,`C_LOGO_URL`,`C_RESERVED`,`C_CREATOR`,`C_CREATETIME`,`C_MODIFIER`,`C_MODIFYTIME`,`C_IN_MEDIARES`) values ('1','侯卫东官场笔记5','40282e8152013ad80152013ad8ee0000','10','0','0','2011.2',NULL,'1','300000.0',NULL,NULL,NULL,NULL,'沙州市成津县县委书记章永泰车祸身亡，这究竟是意外事故，还是一起精心策划的人为谋杀？侯卫东临危受命，被市委书记周昌全派至成津县任县委副书记，查处章永泰真实死因，整治成津县乱局。以常务副县长李太忠为代表的地方势力，插手矿业生产，损公肥私，对侯卫东进行了孤立。侯卫东经过详细谋划，在一番合情合理的正常公务中，不动声色地替换和提拔了20名干部。在各项整顿工作初见成效时，周昌全离开沙州到省里工作，新书记降临沙州。侯卫东的官场命运，又将如何再生波澜……','0',NULL,NULL,'978-7-5506-0055-3',NULL,'1','1','2016-01-02 17:25:27',NULL,NULL,'0'),('40282e81520db74f01520db7500e0001','凡人修仙传','1','40282e81520db74f01520db74ff30000','0','0','2014','2016','5','120.0',NULL,NULL,'创想时刻出版社','','凡人修仙传，韩立','0','1','',NULL,NULL,'0','1','2016-01-05 01:37:43','1','2016-01-05 01:37:43','0'),('40282e81522bc87601522bc8765a0001','官仙','1','40282e81522bc87601522bc876560000','0','1','2016','2016','5','300.0',NULL,NULL,'','起点中文网','一个仙人穿越做官','0','1','',NULL,NULL,'0','1','2016-01-10 21:45:04','1','2016-01-10 21:45:04','0'),('40282e81522bc87601522bcb75850003','庆余年','1','12','0','0','2013','2016','7','100.0',NULL,NULL,'不记得了','','庆余年','0','1','','1234567','/img/default_product_logo.jpg','1','1','2016-01-10 21:48:20','1','2016-01-25 23:36:57','0'),('40282e8152366af00152366af04a0001','斗破苍穹','1','40282e8152366af00152366af0470000','0','0','2016','2016','1','200.0',NULL,NULL,'不知道什么出版社','','斗破苍穹，萧炎','0','1','',NULL,NULL,'0','1','2016-01-12 23:18:44','1','2016-01-12 23:18:44','0'),('40282e8152366af00152366c8e490004','七侠五义','1','40282e8152366af00152366c8e430003','0','0','2016','2016','8','80.0',NULL,NULL,'不知道什么出版社','','七侠五义','0','1','',NULL,NULL,'0','1','2016-01-12 23:20:30','1','2016-06-16 14:13:41','0'),('40282e8152503a430152503a43200001','悟空传','1','40282e8152503a430152503a431c0000','0','0','2016','2016','5','5.0',NULL,NULL,'中信出版社','','悟空传悟空传悟空传','0','1','',NULL,NULL,'0','1','2016-01-17 23:35:42','1','2016-01-17 23:35:42','0'),('40282e8152503a430152503bfd300004','太子妃升职记','1','40282e8152503a430152503bfd2d0003','0','1','2016','2015','0','28.0',NULL,NULL,'','起点','太子妃升职记，穿越','0','1','','',NULL,'1','1','2016-01-17 23:37:35','1','2016-02-14 23:44:59','0'),('40282e8152503a43015250400af90007','睡在我上铺的兄弟','1','40282e8152503a43015250400af60006','0','0','2016','2016','5','14.0',NULL,NULL,'什么什么出版社','','睡在我上铺的兄弟','0','1','',NULL,NULL,'0','1','2016-01-17 23:42:00','1','2016-01-17 23:42:00','0'),('40282e8152503a43015250410e640009','搜神传','1','40282e8152503a43015250400af60006','0','0','2015','2016','14','14.0',NULL,NULL,'什么什么出版社','','搜神传','0','1','','',NULL,'0','1','2016-01-17 23:43:07','1','2016-02-13 15:09:14','1'),('40282e81525043270152504327c20001','三国演义','1','40282e81525043270152504327bd0000','0','0','2014','2016','2','80.0',NULL,NULL,'松花出版集团','','三国演义一','0','1','','1230987654901',NULL,'0','1','2016-01-17 23:43:07','1','2016-02-27 12:24:29','0'),('40282e8152e074d50152e5d614a50005','测试作品','2c90808651e973060151e97306a50000','40282e8152e074d50152e5b972930001','0','3','2016','2016','0','100.0',NULL,NULL,'','','写的啥都不知道','0','1','',NULL,NULL,'0','1','2016-02-16 00:49:18','1','2016-02-16 00:49:18','0'),('40282e815320c600015320ea8e2b0006','将夜','2c90808651e973060151e97306a50000','12','0','0','2016','2016','0','60.0',NULL,NULL,'','','','0','1','','',NULL,NULL,'1','2016-02-27 12:09:16','1','2016-02-27 12:15:44','0'),('40282e81532612fd01532612fd640001','创京东','2c90808651e973060151e97306a50000','40282e81532612fd01532612fd3d0000','0','0','2016','2016','50','22.0',NULL,NULL,'中信','','创京东','0','1','',NULL,NULL,NULL,'1','2016-02-28 12:11:32','1','2016-02-28 23:47:55','0'),('40282e81532dc5b501532dcb82f20003','择天记','1','12','0','1','2016','2016','13','8.0',NULL,NULL,'','起点中文网','择天记，猫腻新作','0','1','','',NULL,NULL,'40282e81522bba0501522bba05b30000','2016-03-01 00:10:25','40282e815332f8d8015333321b92000c','2016-03-03 00:59:03','0'),('40282e81534c83b201534c83b2de0001','老炮儿','2c90808651e973060151e97306a50000','40282e81534c83b201534c83b2c50000','0','0','2016','2016','14','10.0',NULL,NULL,'北京长江新世纪文化传媒有限公司','','曾经风光四九城的老炮六爷，难以适应社会巨变，蛰伏于胡同深处，过着溜鸟、管闲事、发牢骚的无聊日子。\n\n某日，六爷和“小炮儿”儿子晓波父子间产生巨大情感冲突，导致小炮儿负气离家出走，不想遭遇暗算，被新崛起一代的“小爷”小飞非法拘禁。为了解救儿子，并偿还当年对儿子的愧疚之情，六爷重出江湖。\n\n六爷用自己的规矩，试图摆平事件，却无奈的发现，无论是这个时代，还是自己的身体，早已今非昔比。一场父子恩仇、新旧势力的对决无法避免。\n\n在解决烂摊子的过程当中，老炮发现自己身体也出现了问题，真正力不从心。但同时也在抽丝剥茧的查询过程中抓住了“三环十二郎”的把柄，两人下了对战书决定来一场单挑。\n','0','1','','928-7-5354-8244-0','/uploadTmp/img/laopaoer_fxg.jpg',NULL,'40282e81522bba0501522bba05b30000','2016-03-06 23:20:13','40282e815332f8d8015333321b92000c','2016-03-09 23:28:24','1'),('40282e81534c83b201534c87bfbb0004','克拉恋人','2c90808651e973060151e97306a50000','40282e81534c83b201534c87bf820003','0','0','2015','2016','11','35.0',NULL,NULL,'作家出版社','','米朵爱上了钻石公司总裁萧亮，条件的悬殊使米朵望而却步，不敢表白。然而，一场车祸彻底改变了她的命运，车祸整容后的米朵变得苗条漂亮，她应聘进入钻石公司工作，成为了一名设计师助理。经历了失恋失业的双重打击后，米朵意识到美貌并不是获得爱情的通行证，她不再被美貌和丑陋所困扰，她要成为一名合格的珠宝设计师。米朵在职场上经历了种种挫折，她屡败屡战、不言放弃。米朵的乐观积极深深吸引了萧亮，她终于收获了梦想与爱情。与此同时，好友雷奕明始终以朋友的身份守护着米朵，在帮助米朵实现梦想的过程中也情不自禁的喜欢上她，米朵面临着朋友与爱人之间的选择。最终，米朵远走比利时，去完成设计师的梦想……\n','0','1','','978-7-5063-8193-2','/uploadTmp/img/kelalianren_cover.jpg',NULL,'40282e81522bba0501522bba05b30000','2016-03-06 23:24:38','40282e815332f8d8015333321b92000c','2016-03-09 23:59:17','0'),('40282e81534c83b201534c8b0a520007','生命册','2c90808651e973060151e97306a50000','40282e81534c83b201534c8b0a2f0006','0','0','2013','2016','3','38.0',NULL,NULL,'作家出版社','','“我”是从乡村走入省城的大学教师，希望摆脱农村成为一个完完整整的“城里人”，无奈老姑父不时传来的要求“我”为村人办事的指示性纸条让“我”很是为难，在爱情的憧憬与困顿面前，“我”毅然接受大学同学“骆驼”的召唤，辞去稳定的工作成为一个北漂。北京的模样完全不是我们当初预想的那般美好，在地下室里当了几个月的“枪手”挖到一桶金后，为了更宏大的理想，“我”和“骆驼”分别奔赴上海和深圳开辟新的商业战场。\n　　“骆驼”虽有残疾，却凭借超出常人的智力和果断杀入股票市场并赢得了巨额财富。而在追逐金钱的过程中，“骆驼”的欲望和贪婪也日益膨胀，他使出浑身解数攀附进官场名利场，不惜用金钱和美色将他人拉下水，而自己也在对欲望的追逐中逐渐走失了最初的理想，最终身陷囹圄，人财两空。\n　　生“我”养“我”的无梁村，有“我”极力摆脱却终挥之不去的记忆。哺育“我”十多年的老姑父为了爱情放弃了军人的身份，却在之后的几十年生活中深陷家庭矛盾无法自拔；上访户梁五方青年时凭借倔强的干劲打下了一片基业，却在运动中成为人们打击的目标，后半生困在无休止的上访漩涡里；为了拉扯大三个孩子，如草芥般的虫嫂沦为小偷，陷入人人可唾的悲剧命运；村里的能手春才，在青春期性的诱惑和村人的闲言碎语中自宫……在时代与土地的变迁中，似乎每个人都不可避免地走向了自己的反面……\n','0','1','','978-7-5063-6243-6','/uploadTmp/img/shengmingce_cover.jpg',NULL,'40282e81522bba0501522bba05b30000','2016-03-06 23:28:14','40282e815332f8d80153330a8dec0007','2016-03-09 02:31:40','0'),('40282e81534cc12a01534cc12acb0001','群山之巅','2c90808651e973060151e97306a50000','40282e81534cc12a01534cc12ac80000','0','0','2015','2016','8','21.0',NULL,NULL,'人民文学出版社','','《群山之巅》是著名作家迟子建暌违五年之后，最新长篇小说。写作历时两年，是呕心沥血、大气磅礴之作。\n《群山之巅》比《额尔古纳河右岸》更苍茫雄浑，比《白雪乌鸦》更跌宕精彩。\n小说分“斩马刀”、“制碑人”、“龙山之翼”、“两双手”、“白马月光”、“生长的声音”、“追捕”、“格罗江英雄曲”、“从黑夜到白天”、“旧货节”、“肾源”、“暴风雪”、“毛边纸船坞”、“花老爷洞”、“黑珍珠”、“土地祠”等十七章，笔触如史诗般波澜壮阔，却又诗意而抒情。\n中国北方苍茫的龙山之翼，一个叫龙盏的小镇，屠夫辛七杂、能预知生死的精灵“小仙”安雪儿、击毙犯人的法警安平、殡仪馆理容师李素贞、绣娘、金素袖等，一个个身世性情迥异的小人物，在群山之巅各自的滚滚红尘中浮沉，爱与被爱，逃亡与复仇，他们在诡异与未知的命运中努力寻找出路；怀揣着各自不同的伤残的心，努力活出人的尊严，觅寻爱的幽暗之火……\n','0','1','','978-7-02-010693-6','/uploadTmp/img/qunshanzhidian_cover.jpg',NULL,'40282e81522bba0501522bba05b30000','2016-03-07 00:27:21','40282e81532145f101532145f1cf0000','2016-03-10 13:15:37','0'),('40282e81534cc12a01534cc4c36d0004','历史深入的民国-晚清','2c90808651e973060151e97306a50000','40282e81534cc12a01534cc4c36b0003','0','0','2014','2016','5','29.0',NULL,NULL,'华文出版社','','这是一套关于中国近代百年正史的彪悍史书。\n\n是中国历史上第一套全面解读民国正史的长篇历史力作。作者在精研民国史料的基础上，以尊重史实的严谨态度创作，以年代和具体人物为主线，用通俗易懂、幽默风趣的语言风格行笔，全新讲述了1840～1945这一百年间的一些我们熟悉的人做过的一些我们并不熟悉的事……\n\n从来没有一本关于民国的书籍，能像《历史深处的民国》这样，全面、真实、透彻、有趣地将民国这段历史讲明白说清楚。因此，《历史深处的民国》是当下中国数千万“民国迷”了解民国、认识民国的首选读本。\n\n第一部《晚清》全景勾勒了从1840到1911前后近七十年波澜壮阔的历史，重点描述了清王朝内部改革力量曾国藩、李鸿章、袁世凯，清朝统治者慈禧、光绪，在野力量革命派、立宪派三方，围绕该挽救清朝还是推倒清朝重来而展开的一系列惊心动魄的故事。\n\n重点突出了鸦片战争，太平天国运动，洋务运动，八国联军侵华，晚清革命，晚清立宪改革等重大历史事件，以轻松的笔调、严谨的态度认真探究了为何封建帝制已经走到了穷途末路，以及共和的曙光在中国显现的原因。','0','1','','987-7-5075-4229-5','/uploadTmp/img/lsscdmg_cover.jpg',NULL,'40282e81522bba0501522bba05b30000','2016-03-07 00:31:17','40282e815332f8d80153330a8dec0007','2016-03-09 02:36:10','0'),('40282e81534cc12a01534ccbfd220007','三减一等于几','2c90808651e973060151e97306a50000','40282e81534cc12a01534ccbfd1f0006','0','0','2013','2016','8','29.0',NULL,NULL,'中国电影出版社','','773恐怖系列小说。讲述被抛弃的畸形儿对社会的报复.他的身体是个孩子可是思想已经是个成年人了,这是一种病,具体叫什么我就忘记了.他怕被人嘲笑,怕被人当猴耍.他的身体、外貌永远停留在婴儿时期的状态.\n　　他身体内里的一切都在正常成长.\n　　他洞晓人情世故,但是他的眼神永远是婴儿的纯净.\n　　他懂得男欢女爱,他有成熟的欲望,但是他的阳具永远是婴儿的弱小.\n　　他嫉妒雄壮的男人和漂亮的女人；他沉迷母性；他仇恨幸福的孩子,仇恨跟他争夺爱的真正的孩子.\n　　他不想向世人吐露真相,他害怕承担生活责任.\n　　他怕被人看成是怪物,当猴耍.他怕遭到这个世界的歧视和利用.\n　　他躲在婴儿的世界里,享受这个世界的母爱.\n　　由于外型和内心的日久天长的冲突,他极度变态.\n　　他小肚鸡肠,他阴险毒辣,他嗜杀成性,他恐怖异常.\n　　他被母亲揭穿秘密后,骗来另一个孪生兄弟,把他害死做替罪羊……全镇人都静静等待大难降临自己.\n那个收破烂的老太太就是他的母亲,最后他把母亲杀了,把她的肚子剖开了,自己钻进了母腹.\n','0','1','','7-106-01776-0','/uploadTmp/img/3jian1dengyuji_cover.jpg',NULL,'40282e81522bba0501522bba05b30000','2016-03-07 00:39:10','40282e81532145f101532145f1cf0000','2016-03-09 02:27:13','0'),('40282e81534cc12a01534cd8ffc20009','天惶惶地惶惶','2c90808651e973060151e97306a50000','40282e81534cc12a01534ccbfd1f0006','0','0','2013','2016','4','20.0',NULL,NULL,'中国电影出版社','','就像你们一直在研究猩猩一样，我也一直在考察你们这种动物的特性，智商到底有多高，还考察你们人性中的东西。在这个地球上，我选一个人，选到了你。通过你，我对人类了如指掌。你为什么感到我熟悉呢？因为我跟着你20多年了。某年某月某天，一个女人出现在你的旁边，那天的天气很好，只是当时谁都没有朝上看，那一刻，太阳是黑色的……','0','1','','7-106-01856-2','/uploadTmp/img/thhdhh_cover.jpg',NULL,'40282e81522bba0501522bba05b30000','2016-03-07 00:53:23','40282e81532145f101532145f1cf0000','2016-03-07 10:43:46','0'),('402881f2579c424c01579c52f7640005','test作品','1','402881f2579c424c01579c52f7630004','0','3',NULL,'2016','1','12.0',NULL,NULL,'','','testetst','0','1','','','/uploadTmp/doc/20161007/1010_709870835aea48019c492b4cfecd9c90.png',NULL,'40282e815332f8d8015332fca32f0002','2016-10-07 07:27:46','40282e815332f8d8015332fca32f0002','2016-10-07 07:27:46',NULL),('8a2c1bff54c6a7070154c6a707610001','相亲纪','2c90808651e973060151e97306a50000','8a2c1bff54c6a7070154c6a7075f0000','0','0','2013','2016','1','31.0',NULL,NULL,'西安交通大学出版社','','结婚，为什么那么难呢？ 想婚的时候，是该跟着感觉走，还是凑合过一生？不是青梅竹马，也非一见钟情，经不起爱情长跑，也闪不了火花。 想与一个人相亲相爱，白头到老，难道只能是童话？各色男人满眼过，竟无一人是知音？ 繁华都市，与无数相亲之人擦肩而过，也想披荆斩棘，找到属于自己的那个王子。那个Mr.Right会在何时出现？ 《相亲纪》的作者是宁余心。','0','1','','9787560539225',NULL,NULL,'40282e81532145f1015323372cf80001','2016-05-19 09:35:16','40282e81532145f1015323372cf80001','2016-05-19 09:35:16',NULL),('8a2c1bff550e146301550e1463290001','测试暂存作品','2c90808651e973060151e97306a50000','8a2c1bff550e146301550e1463270000','0','3','2016','2016','0','12.0',NULL,NULL,'','','测试暂存作品','0','1','','',NULL,NULL,'40282e81522bba0501522bba05b30000','2016-06-02 06:27:45','40282e81522bba0501522bba05b30000','2016-06-02 06:27:45',NULL),('8a2c1bff550e146301550e19d1510005','再测试暂存作品','8a2c1bff549df61601549df616c60000','8a2c1bff550e146301550e19d1500004','0','0','2016','2016','0','22.0',NULL,NULL,'中信出版社','','再测试暂存作品','0','1','','IS-899764253',NULL,NULL,'40282e81522bba0501522bba05b30000','2016-06-02 06:33:41','40282e81522bba0501522bba05b30000','2016-06-03 02:29:43',NULL),('8a2c1bff5523bc70015523bc707a0001','不能保存吗','1','8a2c1bff5523bc70015523bc70780000','0','0','2016','2016','0','20.0',NULL,NULL,'中国出版公司','','不能保存吗','0','1','','ISBN000111',NULL,NULL,'40282e81522bba0501522bba05b30000','2016-06-06 11:23:20','40282e81522bba0501522bba05b30000','2016-06-06 11:23:20',NULL),('8a2c1bff5523bc70015524fa17f70006','犯罪侧写师2','1','8a2c1bff5523bc70015524fa17f50005','0','0','2016','2016','8','21.0',NULL,NULL,'现代出版社','','郑岩在失去挚爱后，远走美国避世，慕雪不离不弃，一直追随，努力指引他走出抑郁症，但与此同时，Z小组也失去主心骨，濒临解散。然而半年后，一系列匪夷所思罪案再度爆发，提线木偶杀人、烂尾楼藏尸、名为狩猎之鹰的凶手设下迷局挑战警方底线……危急时刻，郑岩毅然回国，重组Z小组，他凭借强大的推理天赋和犯罪侧写的专业知识，再度踏入黑暗，于凶险叵测中触摸罪犯的心理和真凶的踪迹，捍卫法律尊严。而这一次，郑岩又将面对怎样的对手和挑战？','0','1','','9787514344912',NULL,NULL,'40282e81532145f1015323372cf80001','2016-06-06 17:10:18','1','2016-06-13 09:21:56',NULL),('8a2c1bff552c178901552e8803520002','亲密是孤独最好的解药','2c90808651e973060151e97306a50000','8a2c1bff552c178901552e8803510001','0','0','2016','2016','4','16.0',NULL,NULL,'文汇出版社','','女人需要这本书，去参照出真爱的模样；男人需要这本书，去解读女人心藏的玄机。本书从男女两性的角度出发，告诉你，女人都是奢侈品，男人都是消费品，女人是更高级的动物，男人进化未完。怎样消费男人这种生物，秘诀就是：男人要性感，女人要勇敢，男人要做君王，女人要做“妖孽”。要么温柔似水，要么百炼成钢。当你成为女王（妖孽）的时候，幸福自然尾随而来！\n','0','1','','978-7-5496-1348-9',NULL,NULL,'40282e81532145f1015323372cf80001','2016-06-08 13:41:54','40282e815332f8d80153330a8dec0007','2016-06-16 14:18:06',NULL),('8a2c1bff5547592f015548b7de1e0003','随便建一个','40282e8152013ad80152013ad8ee0000','8a2c1bff5547592f015548b7de1c0002','0','3',NULL,'2014','3','21.0',NULL,NULL,'','','随便建一个','0','1','','','/uploadTmp/doc/20160811/1_a62af9baa4b1495da4bd215c6f06e3d8.jpg',NULL,'40282e81522bba0501522bba05b30000','2016-06-13 15:44:17','40282e81532145f101532145f1cf0000','2016-08-17 02:00:23',NULL),('8a2c1bff557627b601557b5ab5c2000d','上海王','2c90808651e973060151e97306a50000','8a2c1bff557627b601557b4e17430004','0','0','2016','2016','4','25.0',NULL,NULL,'四川文艺出版社','','十里洋场的老上海不知道发生过多少离奇古怪的故事，如果写到女人也多是小女人气，而这部小说却写了一个如男人般豪气强大的女人。主人公小月桂从小父母双亡，在舅舅舅妈家长大，不甘心在乡村里、在舅妈的苛刻中过日子。她挣脱了乡村，来到大上海，阴差阳错地与上海黑帮老大发生牵连，并与三代上海王产生复杂的情怨恩仇。小说摆脱了近年出版的上海背景小说大多是小姐小打算，小资小情调的套路。作者笔下的小月桂敢想敢做，有气魄，是个读之令人难忘的角色。','0','1','','9787541142772','/uploadTmp/doc/20160623/上海王封面_91209ce9f64d46e1919896f4ffd504b2.jpg',NULL,'8a2c1bff557627b601557aed5c7c0001','2016-06-23 11:43:10','40282e815332f8d80153330a8dec0007','2016-06-23 11:46:23',NULL),('8a2c1bff566d4c2501566d55ea260004','大明首辅','8a2c1bff549df6160154a0b385600001','8a2c1bff566d4c2501566d55ea240003','0','0','2016','2016','3','150.0',NULL,NULL,'长江文艺出版社','','“嘚嘚嘚……”一阵急促的马蹄声打破了清晨的宁静，只见十余骑快马从荆州府方向向石首县城绣林镇疾驰而来。\n　　这时是明朝第二个皇帝、明太祖朱元璋的嫡长孙朱允炆建文元年七月二十八日的早晨。刚刚升起的太阳红艳艳的，照得那山川大地郁郁葱葱，可是不到一会儿，一片灰色的云飘过来掩住了日头，那朝阳顿时失去了夺目的光彩，只剩下一张惨淡的白脸，悬挂在东方天空上。接着，那地平线上涌起了一方乌云，迅速地向天空升起，向四周漫延，显然一场风暴正由远处向这里刮来。看来，天要变了。\n　　望着那风云突起的天空和越来越近的快马，石首知县方自新忧心忡忡地对走在一队生员前列的一位年轻人说道：“弘济，等这场风暴过了再走行么？”\n　　“是啊，天要变了。”走在方知县旁边的石首县学宫教谕龚顺不禁担心地对那位年轻人说道，“风大浪大，行船危险，澹庵还是改日启程吧，反正乡试还有几天呢。”\n　　那位被称为“弘济”和“澹庵”的年轻人姓杨名溥，字弘济，号澹庵，是石首县生员，家住石首县西乡高陵岗，北距藕池镇仅二里之遥。今天，他和同窗几位应试生员一早起来，准备在县城北门口长江码头乘船，赴布政司所在地武昌府去参加湖广己卯科乡试。\n　　“请老爷、先生放心，这风暴不过一时而已。”杨溥望了望天空，又望了望快到近前的快马，淡定地说道，“乡试日期已近，学生等人不能再耽误了。”\n　　“吁——”杨溥话音刚落，只见那支马队奔到了眼前。那跑在最前面的穿戴着一身宫中内侍衣帽的年轻者，他勒住马，用鞭捎指着杨溥等人尖着公鸭嗓子喝问道：“你们是什么人？年纪轻轻的怎么还不应征入伍？”\n　　一听那人说话的声音，再看看那人的衣着，杨溥明白了：原来那人果真是皇宫中的一名内侍，他到石首来做什么？','0','1','','978-7-5354-7297-7','/uploadTmp/doc/20160809/大明首辅-书模_9446c74489e64f28861daa11237bbcc9.jpg',NULL,'8a2c1bff557627b601557aed5c7c0001','2016-08-09 11:26:02','8a2c1bff557627b601557aee75100002','2016-08-09 11:30:12',NULL);

/*Table structure for table `t_product_audio` */

DROP TABLE IF EXISTS `t_product_audio`;

CREATE TABLE `t_product_audio` (
  `C_ID` varchar(32) NOT NULL,
  `C_PRODUCT_ID` varchar(32) DEFAULT NULL,
  `C_NAME` varchar(200) DEFAULT NULL,
  `C_FILE_URL` varchar(1000) DEFAULT NULL,
  `C_IS_SAMPLE` varchar(2) DEFAULT NULL,
  `C_CREATOR` varchar(32) DEFAULT NULL,
  `C_CREATETIME` datetime DEFAULT NULL,
  `C_MODIFIER` varchar(32) DEFAULT NULL,
  `C_MODIFYTIME` datetime DEFAULT NULL,
  PRIMARY KEY (`C_ID`)
) ENGINE=InnoDB DEFAULT CHARSET=utf8;

/*Data for the table `t_product_audio` */

insert  into `t_product_audio`(`C_ID`,`C_PRODUCT_ID`,`C_NAME`,`C_FILE_URL`,`C_IS_SAMPLE`,`C_CREATOR`,`C_CREATETIME`,`C_MODIFIER`,`C_MODIFYTIME`) values ('1','40282e81534c83b201534c83b2de0001','样音','/uploadTmp/audio/20160309/laopaoer1.mp3','1','40282e815332f8d8015333321b92000c','2016-03-10 00:47:41','40282e815332f8d8015333321b92000c','2016-03-10 00:47:41'),('10','40282e81534c83b201534c83b2de0001','第九集','/uploadTmp/audio/20160309/laopaoer1.mp3',NULL,'40282e815332f8d8015333321b92000c','2016-03-10 00:47:41','40282e815332f8d8015333321b92000c','2016-03-10 00:47:41'),('11','40282e81534c83b201534c83b2de0001','第十集','/uploadTmp/audio/20160309/laopaoer1.mp3',NULL,'40282e815332f8d8015333321b92000c','2016-03-10 00:47:41','40282e815332f8d8015333321b92000c','2016-03-10 00:47:41'),('12','40282e81534c83b201534c83b2de0001','第十一集','/uploadTmp/audio/20160309/laopaoer1.mp3',NULL,'40282e815332f8d8015333321b92000c','2016-03-10 00:47:41','40282e815332f8d8015333321b92000c','2016-03-10 00:47:41'),('13','40282e81534c83b201534c83b2de0001','第十二集','/uploadTmp/audio/20160309/laopaoer1.mp3',NULL,'40282e815332f8d8015333321b92000c','2016-03-10 00:47:41','40282e815332f8d8015333321b92000c','2016-03-10 00:47:41'),('14','40282e81534c83b201534c83b2de0001','第十三集','/uploadTmp/audio/20160309/laopaoer1.mp3',NULL,'40282e815332f8d8015333321b92000c','2016-03-10 00:47:41','40282e815332f8d8015333321b92000c','2016-03-10 00:47:41'),('2','40282e81534c83b201534c83b2de0001','第一集','/uploadTmp/audio/20160309/laopaoer1.mp3',NULL,'40282e815332f8d8015333321b92000c','2016-03-10 00:47:41','40282e815332f8d8015333321b92000c','2016-03-10 00:47:41'),('3','40282e81534c83b201534c83b2de0001','第二集','/uploadTmp/audio/20160309/laopaoer1.mp3',NULL,'40282e815332f8d8015333321b92000c','2016-03-10 00:47:41','40282e815332f8d8015333321b92000c','2016-03-10 00:47:41'),('4','40282e81534c83b201534c83b2de0001','第三集','/uploadTmp/audio/20160309/laopaoer1.mp3',NULL,'40282e815332f8d8015333321b92000c','2016-03-10 00:47:41','40282e815332f8d8015333321b92000c','2016-03-10 00:47:41'),('40282e8152d16c5b0152d16fa5330001','40282e8152503a430152503bfd300004','样章一','/uploadTmp/audio/20160212/2dc62a9cbf06474fb93ad81b5467a6a6_Maid with the Flaxen Hair.mp3',NULL,'1','2016-02-12 01:45:01','1','2016-02-12 01:45:01'),('40282e8153285e880153285ef3ae0001','40282e8152503a43015250410e640009','第一集','/uploadTmp/audio/20160228/1cb9c83fd65a4c438dd14bb271820186_Sleep Away.mp3',NULL,'1','2016-02-28 22:53:45','1','2016-02-28 22:53:45'),('40282e81534cc12a01534f1383680011','40282e81532dc5b501532dcb82f20003','第二集','/uploadTmp/audio/20160307/1a8d2051351e4aa2bdd8fbe8b91b2c66_Kalimba.mp3',NULL,'40282e815332f8d8015333321b92000c','2016-03-07 11:16:32','40282e815332f8d8015333321b92000c','2016-03-07 11:16:32'),('5','40282e81534c83b201534c83b2de0001','第四集','/uploadTmp/audio/20160309/laopaoer1.mp3',NULL,'40282e815332f8d8015333321b92000c','2016-03-10 00:47:41','40282e815332f8d8015333321b92000c','2016-03-10 00:47:41'),('6','40282e81534c83b201534c83b2de0001','第五集','/uploadTmp/audio/20160309/laopaoer1.mp3',NULL,'40282e815332f8d8015333321b92000c','2016-03-10 00:47:41','40282e815332f8d8015333321b92000c','2016-03-10 00:47:41'),('7','40282e81534c83b201534c83b2de0001','第六集','/uploadTmp/audio/20160309/laopaoer1.mp3',NULL,'40282e815332f8d8015333321b92000c','2016-03-10 00:47:41','40282e815332f8d8015333321b92000c','2016-03-10 00:47:41'),('8','40282e81534c83b201534c83b2de0001','第七集','/uploadTmp/audio/20160309/laopaoer1.mp3',NULL,'40282e815332f8d8015333321b92000c','2016-03-10 00:47:41','40282e815332f8d8015333321b92000c','2016-03-10 00:47:41'),('9','40282e81534c83b201534c83b2de0001','第八集','/uploadTmp/audio/20160309/laopaoer1.mp3',NULL,'40282e815332f8d8015333321b92000c','2016-03-10 00:47:41','40282e815332f8d8015333321b92000c','2016-03-10 00:47:41');

/*Table structure for table `t_product_copyright_file` */

DROP TABLE IF EXISTS `t_product_copyright_file`;

CREATE TABLE `t_product_copyright_file` (
  `C_ID` varchar(32) NOT NULL,
  `C_NAME` varchar(300) DEFAULT NULL,
  `C_PRODUCT_ID` varchar(32) DEFAULT NULL,
  `C_CREATOR_ID` varchar(32) DEFAULT NULL,
  `C_CREATETIME` datetime DEFAULT NULL,
  `C_FILE_URL` varchar(1000) DEFAULT NULL,
  PRIMARY KEY (`C_ID`)
) ENGINE=InnoDB DEFAULT CHARSET=utf8;

/*Data for the table `t_product_copyright_file` */

insert  into `t_product_copyright_file`(`C_ID`,`C_NAME`,`C_PRODUCT_ID`,`C_CREATOR_ID`,`C_CREATETIME`,`C_FILE_URL`) values ('1','图书版权页-天惶惶地惶惶-2015-wz-020.jpg','40282e81534cc12a01534cd8ffc20009','40282e81522bba0501522bba05b30000','2016-03-09 00:55:59','/uploadTmp/doc/20160308/图书版权页-天惶惶地惶惶-2015-wz-020.jpg'),('10','出版合同3.jpg','40282e81534cc12a01534ccbfd220007','40282e81522bba0501522bba05b30000','2016-03-09 01:28:04','/uploadTmp/doc/20160308/出版合同3.jpg'),('11','权属证明资料清单-2015-wz-020.pdf','40282e81534cc12a01534ccbfd220007','40282e81522bba0501522bba05b30000','2016-03-09 01:28:25','/uploadTmp/doc/20160308/权属证明资料清单-2015-wz-020.pdf'),('12','作者身份证复印件-2015-wz-020.pdf','40282e81534cc12a01534ccbfd220007','40282e81522bba0501522bba05b30000','2016-03-09 01:28:42','/uploadTmp/doc/20160308/作者身份证复印件-2015-wz-020.pdf'),('13','图书版权页-2015-wz-037.jpg','40282e81534c83b201534c8b0a520007','40282e81522bba0501522bba05b30000','2016-03-09 01:31:58','/uploadTmp/doc/20160308/图书版权页-2015-wz-037.jpg'),('14','出版合同遗失申明-2015-wz-037.pdf','40282e81534c83b201534c8b0a520007','40282e81522bba0501522bba05b30000','2016-03-09 01:32:36','/uploadTmp/doc/20160308/出版合同遗失申明-2015-wz-037.pdf'),('15','作者身份证复印件-2015-wz-037.pdf','40282e81534c83b201534c8b0a520007','40282e81522bba0501522bba05b30000','2016-03-09 01:33:51','/uploadTmp/doc/20160308/作者身份证复印件-2015-wz-037.pdf'),('16','版权页-2015-wz-003.pdf','40282e81534cc12a01534cc12acb0001','40282e81522bba0501522bba05b30000','2016-03-09 01:36:42','/uploadTmp/doc/20160308/版权页-2015-wz-003.pdf'),('17','电子版权协议1.jpg','40282e81534cc12a01534cc12acb0001','40282e81522bba0501522bba05b30000','2016-03-09 01:37:46','/uploadTmp/doc/20160308/电子版权协议1.jpg'),('18','电子版权协议2.jpg','40282e81534cc12a01534cc12acb0001','40282e81522bba0501522bba05b30000','2016-03-09 01:38:17','/uploadTmp/doc/20160308/电子版权协议2.jpg'),('19','迟子建身份证正面.jpg','40282e81534cc12a01534cc12acb0001','40282e81522bba0501522bba05b30000','2016-03-09 01:39:39','/uploadTmp/doc/20160308/迟子建身份证正面.jpg'),('2','出版合同1.jpg','40282e81534cc12a01534cd8ffc20009','40282e81522bba0501522bba05b30000','2016-03-09 01:09:01','/uploadTmp/doc/20160308/出版合同1.jpg'),('20','迟子建身份证背面.jpg','40282e81534cc12a01534cc12acb0001','40282e81522bba0501522bba05b30000','2016-03-09 01:40:21','/uploadTmp/doc/20160308/迟子建身份证背面.jpg'),('21','版权页-历史深处的民国-晚清.png','40282e81534cc12a01534cc4c36d0004','40282e81522bba0501522bba05b30000','2016-03-09 01:42:16','/uploadTmp/doc/20160308/版权页-历史深处的民国-晚清.png'),('22','权属证明资料清单-2015-wz-009.pdf','40282e81534cc12a01534cc4c36d0004','40282e81522bba0501522bba05b30000','2016-03-09 01:43:39','/uploadTmp/doc/20160308/权属证明资料清单-2015-wz-009.pdf'),('23','作品创作声明-2015-wz-009.pdf','40282e81534cc12a01534cc4c36d0004','40282e81522bba0501522bba05b30000','2016-03-09 01:44:20','/uploadTmp/doc/20160308/作品创作声明-2015-wz-009.pdf'),('24','作者身份证-2015-wz-009.pdf','40282e81534cc12a01534cc4c36d0004','40282e81522bba0501522bba05b30000','2016-03-09 01:44:51','/uploadTmp/doc/20160308/作者身份证-2015-wz-009.pdf'),('25','图书版权页-2015-wz-022.pdf','40282e81534c83b201534c87bfbb0004','40282e81522bba0501522bba05b30000','2016-03-09 01:46:42','/uploadTmp/doc/20160308/图书版权页-2015-wz-022.pdf'),('26','克拉恋人-立体封.jpg','40282e81534c83b201534c87bfbb0004','40282e81522bba0501522bba05b30000','2016-03-09 01:47:38','/uploadTmp/doc/20160308/克拉恋人-立体封.jpg'),('27','权属证明资料清单-2015-wz-022.pdf','40282e81534c83b201534c87bfbb0004','40282e81522bba0501522bba05b30000','2016-03-09 01:48:51','/uploadTmp/doc/20160308/权属证明资料清单-2015-wz-022.pdf'),('28','图书出版合同-2015-wz-022.pdf','40282e81534c83b201534c87bfbb0004','40282e81522bba0501522bba05b30000','2016-03-09 01:49:26','/uploadTmp/doc/20160308/图书出版合同-2015-wz-022.pdf'),('29','作者身份证-克拉恋人.jpg','40282e81534c83b201534c87bfbb0004','40282e81522bba0501522bba05b30000','2016-03-09 01:50:13','/uploadTmp/doc/20160308/作者身份证-克拉恋人.jpg'),('3','出版合同2.jpg','40282e81534cc12a01534cd8ffc20009','40282e81522bba0501522bba05b30000','2016-03-09 01:09:38','/uploadTmp/doc/20160308/出版合同2.jpg'),('30','权属证明资料清单-2015-wz-086.pdf','40282e81534c83b201534c83b2de0001','40282e81522bba0501522bba05b30000','2016-03-09 01:52:40','/uploadTmp/doc/20160308/权属证明资料清单-2015-wz-086.pdf'),('31','laopaoer作者对长江新世纪的授权书.jpg','40282e81534c83b201534c83b2de0001','40282e81522bba0501522bba05b30000','2016-03-09 01:53:15','/uploadTmp/doc/20160308/laopaoer作者对长江新世纪的授权书.jpg'),('32','laopaoer版权页.jpg','40282e81534c83b201534c83b2de0001','40282e81522bba0501522bba05b30000','2016-03-09 01:53:48','/uploadTmp/doc/20160308/laopaoer版权页.jpg'),('33','管浒身份证1.jpg','40282e81534c83b201534c83b2de0001','40282e81522bba0501522bba05b30000','2016-03-09 01:55:00','/uploadTmp/doc/20160308/管浒身份证1.jpg'),('34','管浒身份证2.jpg','40282e81534c83b201534c83b2de0001','40282e81522bba0501522bba05b30000','2016-03-09 01:57:17','/uploadTmp/doc/20160308/管浒身份证2.jpg'),('4','出版合同3.jpg','40282e81534cc12a01534cd8ffc20009','40282e81522bba0501522bba05b30000','2016-03-09 01:10:27','/uploadTmp/doc/20160308/出版合同3.jpg'),('402881f25694822d015694822d790001',NULL,'8a2c1bff5547592f015548b7de1e0003','40282e81522bba0501522bba05b30000','2016-08-17 01:59:35','/uploadTmp/doc/20160814/angry_39f01a98f0e94dae9a3c557a7c824445.jpg'),('402881f25694822d015694822d7a0002',NULL,'8a2c1bff5547592f015548b7de1e0003','40282e81522bba0501522bba05b30000','2016-08-17 01:59:35','/uploadTmp/doc/20160613/175f15c8bb8c4b40bfd3c4d3e486ac40_《雪祭》资料.doc'),('402881f25694822d015694822d7b0003',NULL,'8a2c1bff5547592f015548b7de1e0003','40282e81522bba0501522bba05b30000','2016-08-17 01:59:35','/uploadTmp/doc/20160811/1_b45b721366d04842bfa0365a9ac3015d.jpg'),('402881f25694822d015694822d7c0004',NULL,'8a2c1bff5547592f015548b7de1e0003','40282e81522bba0501522bba05b30000','2016-08-17 01:59:35','/uploadTmp/doc/20160811/2_e80a07038b0146d2b2d66e766251a3ff.jpg'),('402881f2579c424c01579c424cc90000','8f01812da50349ba8600a2fa47db0010.pptx','8a2c1bff557627b601557b5ab5c2000d','40282e815332f8d8015332fca32f0002','2016-10-07 07:09:33','/uploadTmp/doc/20161007/开发规范_8f01812da50349ba8600a2fa47db0010.pptx'),('402881f2579c424c01579c49c4fd0001','f85b39a9c95e4ef693be26c738197336.docx','8a2c1bff557627b601557b5ab5c2000d','40282e815332f8d8015332fca32f0002','2016-10-07 07:17:43','/uploadTmp/doc/20161007/编译Chromium_f85b39a9c95e4ef693be26c738197336.docx'),('402881f2579c424c01579c4cbca40002','gitignore','8a2c1bff557627b601557b5ab5c2000d','40282e815332f8d8015332fca32f0002','2016-10-07 07:20:57','/uploadTmp/doc/20161007/gitignore_global_cb521354ea9841e19be6e64063290f06.txt'),('402881f2579c424c01579c4f3fdb0003','hgignore_global.txt','8a2c1bff557627b601557b5ab5c2000d','40282e815332f8d8015332fca32f0002','2016-10-07 07:23:42','/uploadTmp/doc/20161007/hgignore_global_b09531aecb4b4fbca8a31daf96204c21.txt'),('5','权属证明资料清单-2015-wz-020.pdf','40282e81534cc12a01534cd8ffc20009','40282e81522bba0501522bba05b30000','2016-03-09 01:11:14','/uploadTmp/doc/20160308/权属证明资料清单-2015-wz-020.pdf'),('6','作者身份证复印件-2015-wz-020.pdf','40282e81534cc12a01534cd8ffc20009','40282e81522bba0501522bba05b30000','2016-03-09 01:11:58','/uploadTmp/doc/20160308/作者身份证复印件-2015-wz-020.pdf'),('7','图书版权页-三减一等于几-2015-wz-020.jpg','40282e81534cc12a01534ccbfd220007','40282e81522bba0501522bba05b30000','2016-03-09 01:26:14','/uploadTmp/doc/20160308/图书版权页-三减一等于几-2015-wz-020.jpg'),('8','出版合同1.jpg','40282e81534cc12a01534ccbfd220007','40282e81522bba0501522bba05b30000','2016-03-09 01:27:13','/uploadTmp/doc/20160308/出版合同1.jpg'),('8a2c1bff550e146301550e14632b0003','test.txt','8a2c1bff550e146301550e1463290001','40282e81522bba0501522bba05b30000','2016-06-02 06:27:45','/uploadTmp/doc/20160602/5cc2434727734532ae336ed404325658_test.doc'),('8a2c1bff550e146301550e19d1530007','面试评估表-UI岗位-zzh.docx','8a2c1bff550e146301550e19d1510005','40282e81522bba0501522bba05b30000','2016-06-02 06:33:41','/uploadTmp/doc/20160602/a2a8a6fc1a12417ba12870c409297343_面试评估表-UI岗位-zzh.docx'),('8a2c1bff5523bc70015523bc70970004','1541467580&fm=21&gp=0.jpg','8a2c1bff5523bc70015523bc707a0001','40282e81522bba0501522bba05b30000','2016-06-06 11:23:20','1541467580&fm=21&gp=0.jpg'),('8a2c1bff552c178901552c17896d0000','委托书.txt','8a2c1bff5523bc70015523bc707a0001','40282e81522bba0501522bba05b30000','2016-06-08 02:19:48','/uploadTmp/doc/20160608/41d5475fd1b840e891990dc2938650a7_委托书.txt'),('8a2c1bff552c178901552e8803550004',NULL,'8a2c1bff552c178901552e8803520002','40282e81532145f1015323372cf80001','2016-06-08 13:41:54','/uploadTmp/doc/20160608/cd5106904fda48fd876d810922538078_571d75e0Ndf14272b.jpg'),('8a2c1bff552c178901552e883fee0005','571d75e0Ndf14272b.jpg','8a2c1bff552c178901552e8803520002','40282e81532145f1015323372cf80001','2016-06-08 13:42:09','/uploadTmp/doc/20160608/8f8a1c7b6cd74e88acc78501af054872_571d75e0Ndf14272b.jpg'),('8a2c1bff5547592f015548bad94d000b','肖江虹合同.doc','8a2c1bff5547592f015548bad94b0009','1','2016-06-13 15:47:33','/uploadTmp/doc/20160613/5f629fe8f27948129669e1bf9f868938_肖江虹合同.doc'),('8a2c1bff557627b601557b50793f000c','a9a281edefc04fc9a3f6b230f76ad69d.docx','8a2c1bff557627b601557b4e17450005','8a2c1bff557627b601557aed5c7c0001','2016-06-23 11:31:59','/uploadTmp/doc/20160623/版权页_a9a281edefc04fc9a3f6b230f76ad69d.docx'),('8a2c1bff557627b601557b5ab5c60010','cbfccee11e6b414f9897d3a768583afd.docx','8a2c1bff557627b601557b5ab5c2000d','8a2c1bff557627b601557aed5c7c0001','2016-06-23 11:43:10','/uploadTmp/doc/20160623/版权页_cbfccee11e6b414f9897d3a768583afd.docx'),('8a2c1bff566d4c2501566d55ea470007','4947b0a681a44f269a28579caa4bb73e.jpg','8a2c1bff566d4c2501566d55ea260004','8a2c1bff557627b601557aed5c7c0001','2016-08-09 11:26:02','/uploadTmp/doc/20160809/大明首辅版权页_4947b0a681a44f269a28579caa4bb73e.jpg'),('8a2c1bff566d4c2501566d565dff000a','6c48a3f9265143abb5be2e8599ff8836.jpg','8a2c1bff566d4c2501566d55ea260004','8a2c1bff557627b601557aed5c7c0001','2016-08-09 11:26:32','/uploadTmp/doc/20160809/大明首辅版权页_6c48a3f9265143abb5be2e8599ff8836.jpg'),('8a2c1bff566d4c2501566d57cc37000c',NULL,'8a2c1bff566d4c2501566d55ea260004','8a2c1bff557627b601557aed5c7c0001','2016-08-09 11:28:06','/uploadTmp/doc/20160809/大明首辅-书模_10b6ff5899ad46179b55abf36256e8cf.jpg'),('8a2c1bff56735bcf01567368861d0005','5c053f42b97e4e35b229b41dff2d6ecd.jpg','8a2c1bff56735bcf01567368860b0002','1','2016-08-10 15:44:05','/uploadTmp/doc/20160810/大明首辅-书模_5c053f42b97e4e35b229b41dff2d6ecd.jpg'),('9','出版合同2.jpg','40282e81534cc12a01534ccbfd220007','40282e81522bba0501522bba05b30000','2016-03-09 01:27:35','/uploadTmp/doc/20160308/出版合同2.jpg');

/*Table structure for table `t_product_image` */

DROP TABLE IF EXISTS `t_product_image`;

CREATE TABLE `t_product_image` (
  `C_ID` varchar(32) NOT NULL,
  `C_PRODUCT_ID` varchar(32) DEFAULT NULL,
  `C_NAME` varchar(200) DEFAULT NULL,
  `C_DESC` varchar(300) DEFAULT NULL,
  `C_FILE_URL` varchar(1000) DEFAULT NULL,
  `C_TYPE` varchar(2) DEFAULT NULL,
  `C_CREATOR` varchar(32) DEFAULT NULL,
  `C_CREATETIME` datetime DEFAULT NULL,
  `C_MODIFIER` varchar(32) DEFAULT NULL,
  `C_MODIFYTIME` datetime DEFAULT NULL,
  PRIMARY KEY (`C_ID`)
) ENGINE=InnoDB DEFAULT CHARSET=utf8;

/*Data for the table `t_product_image` */

insert  into `t_product_image`(`C_ID`,`C_PRODUCT_ID`,`C_NAME`,`C_DESC`,`C_FILE_URL`,`C_TYPE`,`C_CREATOR`,`C_CREATETIME`,`C_MODIFIER`,`C_MODIFYTIME`) values ('40282e8152cf6c690152cf6c693d0000','40282e8152503a430152503bfd300004','测试图','320*640','/uploadTmp/doc/20160211/ee36a64832fd4511ac6ee5a98a118b2c_Desert.jpg',NULL,'1','2016-02-11 16:22:15','1','2016-02-11 16:22:15'),('40282e8152d0ee4b0152d0ee4b550000','40282e8152503a430152503bfd300004','再试一张','菊花','/uploadTmp/doc/20160211/717cc6434bfe4ead8b80f3afe0c6dfe8_Chrysanthemum.jpg',NULL,'1','2016-02-11 23:23:44','1','2016-02-11 23:23:44'),('40282e8152d0ee4b0152d10f5c900001','40282e8152503a430152503bfd300004','再来','三只企鹅','/uploadTmp/doc/20160211/44b53d73b3da481580475e079bdf27a0_Penguins.jpg',NULL,'1','2016-02-11 23:59:51','1','2016-02-11 23:59:51'),('40282e8153285e880153285e88550000','40282e8152503a43015250410e640009','封面','222222','/uploadTmp/doc/20160228/fc260fb88eb8495783417f17ce176680_Desert.jpg',NULL,'1','2016-02-28 22:53:17','1','2016-02-28 22:53:17'),('402881f25688339901568833999a0002','8a2c1bff5547592f015548b7de1e0003','??',NULL,'/uploadTmp/doc/20160811/1_a62af9baa4b1495da4bd215c6f06e3d8.jpg','1','40282e81522bba0501522bba05b30000','2016-08-14 16:38:18','40282e81522bba0501522bba05b30000','2016-08-14 16:38:18'),('402881f25688339901568839b3230005','8a2c1bff5547592f015548b7de1e0003','??',NULL,'/uploadTmp/doc/20160811/1_a62af9baa4b1495da4bd215c6f06e3d8.jpg','1','40282e81522bba0501522bba05b30000','2016-08-14 16:44:58','40282e81522bba0501522bba05b30000','2016-08-14 16:44:58'),('402881f25688339901568842727a0008','8a2c1bff5547592f015548b7de1e0003','??',NULL,'/uploadTmp/doc/20160811/1_a62af9baa4b1495da4bd215c6f06e3d8.jpg','1','40282e81522bba0501522bba05b30000','2016-08-14 16:54:31','40282e81522bba0501522bba05b30000','2016-08-14 16:54:31'),('402881f2568847440156884744190001','8a2c1bff5547592f015548b7de1e0003','??',NULL,'/uploadTmp/doc/20160811/1_a62af9baa4b1495da4bd215c6f06e3d8.jpg','1','40282e81522bba0501522bba05b30000','2016-08-14 16:59:47','40282e81522bba0501522bba05b30000','2016-08-14 16:59:47'),('402881f2568849fe01568849fe8a0001','8a2c1bff5547592f015548b7de1e0003','封面',NULL,'/uploadTmp/doc/20160811/1_a62af9baa4b1495da4bd215c6f06e3d8.jpg','1','40282e81522bba0501522bba05b30000','2016-08-14 17:02:46','40282e81522bba0501522bba05b30000','2016-08-14 17:02:46'),('8a2c1bff557627b601557b4e174d0007','8a2c1bff557627b601557b4e17450005','封面',NULL,'/uploadTmp/doc/20160623/上海王封面_ff14fed8bb3f487d85adc6f955da1328.jpg','1','8a2c1bff557627b601557aed5c7c0001','2016-06-23 11:29:23','8a2c1bff557627b601557aed5c7c0001','2016-06-23 11:29:23'),('8a2c1bff557627b601557b5ab5c4000f','8a2c1bff557627b601557b5ab5c2000d','封面',NULL,'/uploadTmp/doc/20160623/上海王封面_91209ce9f64d46e1919896f4ffd504b2.jpg','1','8a2c1bff557627b601557aed5c7c0001','2016-06-23 11:43:10','8a2c1bff557627b601557aed5c7c0001','2016-06-23 11:43:10'),('8a2c1bff566d4c2501566d55ea420006','8a2c1bff566d4c2501566d55ea260004','封面',NULL,'/uploadTmp/doc/20160809/大明首辅-书模_7f89b7d9886a4dd99dd3bd21564ba21e.jpg','1','8a2c1bff557627b601557aed5c7c0001','2016-08-09 11:26:02','8a2c1bff557627b601557aed5c7c0001','2016-08-09 11:26:02'),('8a2c1bff566d4c2501566d565dfe0009','8a2c1bff566d4c2501566d55ea260004','封面',NULL,'/uploadTmp/doc/20160809/大明首辅-书模_e6b4c069d2a64253b4fd307eb2a19b0f.jpg','1','8a2c1bff557627b601557aed5c7c0001','2016-08-09 11:26:32','8a2c1bff557627b601557aed5c7c0001','2016-08-09 11:26:32'),('8a2c1bff56735bcf0156736886170004','8a2c1bff56735bcf01567368860b0002','封面',NULL,'/uploadTmp/doc/20160810/大明首辅-书模_12d8c794c413406baeea121e88b93df9.jpg','1','1','2016-08-10 15:44:05','1','2016-08-10 15:44:05'),('8a2c1bff5675d028015675d028990001','8a2c1bff5547592f015548b7de1e0003','封面',NULL,'/uploadTmp/doc/20160811/1_a62af9baa4b1495da4bd215c6f06e3d8.jpg','1','40282e81522bba0501522bba05b30000','2016-08-11 02:56:31','40282e81522bba0501522bba05b30000','2016-08-11 02:56:31'),('8a2c1bff5675d028015675d76d370004','8a2c1bff5547592f015548b7de1e0003','封面',NULL,'/uploadTmp/doc/20160811/1_a62af9baa4b1495da4bd215c6f06e3d8.jpg','1','40282e81522bba0501522bba05b30000','2016-08-11 03:04:28','40282e81522bba0501522bba05b30000','2016-08-11 03:04:28'),('8a2c1bff5675daf7015675daf7630001','8a2c1bff5547592f015548b7de1e0003','封面',NULL,'/uploadTmp/doc/20160811/1_a62af9baa4b1495da4bd215c6f06e3d8.jpg','1','40282e81522bba0501522bba05b30000','2016-08-11 03:08:20','40282e81522bba0501522bba05b30000','2016-08-11 03:08:20'),('f9ab6aff535bdb1801535c4cff190026','40282e81534c83b201534c83b2de0001','冯小刚海报','高清尺寸','/uploadTmp/doc/20160310/235810d5cfc14e3685673a24a31c2f63_laopaoer_fxg.jpg',NULL,'40282e81532612fd015326adc87f0007','2016-03-10 00:54:23','40282e81532612fd015326adc87f0007','2016-03-10 00:54:23'),('f9ab6aff535bdb1801535c4d80600027','40282e81534c83b201534c83b2de0001','李易峰海报','高清大图','/uploadTmp/doc/20160310/9e53d2558b1240ccb506a641e500514c_laopaoer_lyf.jpg',NULL,'40282e81532612fd015326adc87f0007','2016-03-10 00:54:56','40282e81532612fd015326adc87f0007','2016-03-10 00:54:56');

/*Table structure for table `t_product_reserved` */

DROP TABLE IF EXISTS `t_product_reserved`;

CREATE TABLE `t_product_reserved` (
  `C_ID` varchar(32) NOT NULL,
  `C_PRODUCT_ID` varchar(32) DEFAULT NULL,
  `C_DESC` varchar(600) DEFAULT NULL,
  `C_STATE` varchar(2) DEFAULT NULL,
  `C_CREATOR` varchar(32) DEFAULT NULL,
  `C_CREATETIME` datetime DEFAULT NULL,
  `C_MODIFIER` varchar(32) DEFAULT NULL,
  `C_MODIFYTIME` datetime DEFAULT NULL,
  PRIMARY KEY (`C_ID`)
) ENGINE=InnoDB DEFAULT CHARSET=utf8;

/*Data for the table `t_product_reserved` */

insert  into `t_product_reserved`(`C_ID`,`C_PRODUCT_ID`,`C_DESC`,`C_STATE`,`C_CREATOR`,`C_CREATETIME`,`C_MODIFIER`,`C_MODIFYTIME`) values ('40282e815304ffe6015304ffe6480000',NULL,NULL,'0','1','2016-02-22 02:03:13','1','2016-02-22 02:03:13'),('40282e815304ffe601530501e5cc0001','40282e81522bc87601522bcb75850003','这个我要了','0','1','2016-02-22 02:05:24','1','2016-02-22 02:05:24');

/*Table structure for table `t_product_sample` */

DROP TABLE IF EXISTS `t_product_sample`;

CREATE TABLE `t_product_sample` (
  `C_ID` varchar(32) NOT NULL,
  `C_PRODUCT_ID` varchar(32) DEFAULT NULL,
  `C_FILE_URL` varchar(500) DEFAULT NULL,
  `C_CREATOR` varchar(32) DEFAULT NULL,
  `C_CREATETIME` datetime DEFAULT NULL,
  `C_MODIFIER` varchar(32) DEFAULT NULL,
  `C_MODIFYTIME` datetime DEFAULT NULL,
  PRIMARY KEY (`C_ID`)
) ENGINE=InnoDB DEFAULT CHARSET=utf8;

/*Data for the table `t_product_sample` */

insert  into `t_product_sample`(`C_ID`,`C_PRODUCT_ID`,`C_FILE_URL`,`C_CREATOR`,`C_CREATETIME`,`C_MODIFIER`,`C_MODIFYTIME`) values ('40282e8152366af00152366c8e4d0005','40282e8152366af00152366c8e490004','/uploadTmp/doc/20160112/b1b8d223eeae4ef89c043c2c1799a5c2_需求细则.docx',NULL,NULL,NULL,NULL),('40282e8152503a430152503a43260002','40282e8152503a430152503a43200001','/uploadTmp/doc/20160117/bd0eff6dea6149088da6411d0a400cfa_需求细则.docx',NULL,NULL,NULL,NULL),('40282e8152503a430152503bfd370005','40282e8152503a430152503bfd300004','/uploadTmp/doc/20160117/d1c9423cc6d3447a974ddbed1858ee9c_需求细则.docx',NULL,NULL,NULL,NULL),('40282e8152503a43015250400afe0008','40282e8152503a43015250400af90007','/uploadTmp/doc/20160117/91a4b1eac3814828843741fef7ff35bd_需求细则.docx',NULL,NULL,NULL,NULL),('40282e8152503a43015250410e66000a','40282e8152503a43015250410e640009','/uploadTmp/doc/20160117/91a4b1eac3814828843741fef7ff35bd_需求细则.docx',NULL,NULL,NULL,NULL),('40282e81525043270152504327c60002','40282e81525043270152504327c20001','/uploadTmp/doc/20160117/71978d30a6054deca1bc8fde40d8d563_需求细则.docx',NULL,NULL,NULL,NULL),('40282e8152e074d50152e074d5320000','40282e8152503a430152503bfd300004','',NULL,NULL,NULL,NULL),('40282e8152e074d50152e5b9729a0002',NULL,'/uploadTmp/doc/20160216/07280dcf4ea541d2802746367327505d_SAML Core.docx',NULL,NULL,NULL,NULL),('40282e8152e074d50152e5baebd50003',NULL,'/uploadTmp/doc/20160216/da25da962f5847d3b7a3b2f2fd0c04ba_面试评估表-UI岗位-zzh.docx',NULL,NULL,NULL,NULL),('40282e8152e074d50152e5cd991c0004',NULL,'/uploadTmp/doc/20160216/0ededcb25913492294f24dcee5e94d4c_SAML Core.docx',NULL,NULL,NULL,NULL),('40282e8152e074d50152e5d614a80006','40282e8152e074d50152e5d614a50005','/uploadTmp/doc/20160216/3d1eda4c58b34bf6b908f192fdc76d7d_SAML Core.docx',NULL,NULL,NULL,NULL),('40282e81531ee4ce01531ee4cf100001','','',NULL,NULL,NULL,NULL),('40282e81531ee4ce01531ee57b370002','','',NULL,NULL,NULL,NULL),('40282e81531ee4ce01531ee716690003','','',NULL,NULL,NULL,NULL),('40282e815320c600015320c600a90000','','',NULL,NULL,NULL,NULL),('40282e815320c600015320c8304b0001','','',NULL,NULL,NULL,NULL),('40282e815320c600015320c9d27a0003','40282e815320c600015320c9d2760002','',NULL,NULL,NULL,NULL),('40282e815320c600015320ea29620005','40282e815320c600015320ea295d0004','',NULL,NULL,NULL,NULL),('40282e815320c600015320ea8e2e0007','40282e815320c600015320ea8e2b0006','',NULL,NULL,NULL,NULL),('40282e815320c600015320f07b380008','40282e815320c600015320ea8e2b0006','',NULL,NULL,NULL,NULL),('40282e81532612fd01532612fd680002','40282e81532612fd01532612fd640001','/uploadTmp/doc/20160228/141ce4f08ee94f5abc974ddb0789a21f_my jobword.doc',NULL,NULL,NULL,NULL),('40282e8153285e88015328908a940002','40282e81532612fd01532612fd640001','/uploadTmp/doc/20160228/141ce4f08ee94f5abc974ddb0789a21f_my jobword.doc',NULL,NULL,NULL,NULL),('40282e81532dc5b501532dc5b5600000','','/uploadTmp/doc/20160301/a815a54ed4a24db89f694d6868bc9450_委托书.txt',NULL,NULL,NULL,NULL),('40282e81532dc5b501532dc6f79b0001','','/uploadTmp/doc/20160301/f01f4bc04a3547a99f318c99e5aa48d2_委托书.txt',NULL,NULL,NULL,NULL),('40282e81532dc5b501532dc8bc530002','','/uploadTmp/doc/20160301/f01f4bc04a3547a99f318c99e5aa48d2_委托书.txt',NULL,NULL,NULL,NULL),('40282e81532dc5b501532dcb83080004','40282e81532dc5b501532dcb82f20003','/uploadTmp/doc/20160301/0bdf655972a14a0887999b9fc930b381_委托书.txt',NULL,NULL,NULL,NULL),('40282e81534c83b201534c83b3000002','40282e81534c83b201534c83b2de0001','/uploadTmp/doc/20160306/01e500d0e15541d5ac68499c8c4497df_老炮儿样章.docx',NULL,NULL,NULL,NULL),('40282e81534c83b201534c87bfd80005','40282e81534c83b201534c87bfbb0004','/uploadTmp/doc/20160306/d737e53ef1cd488bb68cd6e21ff7e821_克拉恋人样章.docx',NULL,NULL,NULL,NULL),('40282e81534c83b201534c8b0a610008','40282e81534c83b201534c8b0a520007','/uploadTmp/doc/20160306/f96c87606be4411c8789e6fe53c2de6e_生命册样章.docx',NULL,NULL,NULL,NULL),('40282e81534c83b201534c8bb8e70009','40282e81534c83b201534c87bfbb0004','/uploadTmp/doc/20160306/f96c87606be4411c8789e6fe53c2de6e_生命册样章.docx',NULL,NULL,NULL,NULL),('40282e81534cc12a01534cc12acf0002','40282e81534cc12a01534cc12acb0001','/uploadTmp/doc/20160307/533ef66417c446ac9664c07d298de08c_群山之巅样章.docx',NULL,NULL,NULL,NULL),('40282e81534cc12a01534cc4c3750005','40282e81534cc12a01534cc4c36d0004','/uploadTmp/doc/20160307/6f7688cd29bd4a6598797617f40a4e33_历史深处的民国样章.docx',NULL,NULL,NULL,NULL),('40282e81534cc12a01534ccbfd250008','40282e81534cc12a01534ccbfd220007','/uploadTmp/doc/20160307/b75942d917ca489b8ef6c616266ec022_三减一等于几-样章.docx',NULL,NULL,NULL,NULL),('40282e81534cc12a01534cd8ffcd000a','40282e81534cc12a01534cd8ffc20009','/uploadTmp/doc/20160307/d8f3ce0959c84736a34d0b95777001ad_天惶惶地惶惶样章.docx',NULL,NULL,NULL,NULL),('402881f25694822d015694822d760000','8a2c1bff5547592f015548b7de1e0003','/uploadTmp/doc/20160613/07a1f32365194731b824c12be208f51d_《雪祭》资料.doc',NULL,NULL,NULL,NULL),('402881f2579c424c01579c52f7680006','402881f2579c424c01579c52f7640005','/uploadTmp/doc/20161007/gitignore_global_5bdc91eda5e747a6a3b4166a731b25a4.txt',NULL,NULL,NULL,NULL),('8a2c1bff54c6a7070154c6a707640002','8a2c1bff54c6a7070154c6a707610001','/uploadTmp/doc/20160519/ef6e48b7d214453a980ba83d61db3b65_相亲纪样章.doc',NULL,NULL,NULL,NULL),('8a2c1bff550e146301550e14632a0002','8a2c1bff550e146301550e1463290001','/uploadTmp/doc/20160602/e6e51b21659b4820ad41cb210a509646_BugReport.doc',NULL,NULL,NULL,NULL),('8a2c1bff550e146301550e19d1530006','8a2c1bff550e146301550e19d1510005','/uploadTmp/doc/20160602/f03dee3981c04e36a79dc613bc3d1efe_SAML Core.docx',NULL,NULL,NULL,NULL),('8a2c1bff551260ba01551260ba290000','8a2c1bff550e146301550e19d1510005','/uploadTmp/doc/20160602/f03dee3981c04e36a79dc613bc3d1efe_SAML Core.docx',NULL,NULL,NULL,NULL),('8a2c1bff551260ba01551260d1e10001','8a2c1bff550e146301550e19d1510005','/uploadTmp/doc/20160602/f03dee3981c04e36a79dc613bc3d1efe_SAML Core.docx',NULL,NULL,NULL,NULL),('8a2c1bff5523bc70015523bc707c0002','8a2c1bff5523bc70015523bc707a0001','/uploadTmp/doc/20160606/81f434ae74ae47f3a3cb0c91456056e1_马晓峰.doc',NULL,NULL,NULL,NULL),('8a2c1bff5523bc70015524fa17fb0007','8a2c1bff5523bc70015524fa17f70006','/uploadTmp/doc/20160606/8db60e8a8ceb47d0bf7a273f1efc3b7a_《犯罪侧写师2》征订单.doc',NULL,NULL,NULL,NULL),('8a2c1bff5523bc70015524fb69160009','8a2c1bff5523bc70015524fa17f70006','/uploadTmp/doc/20160606/8db60e8a8ceb47d0bf7a273f1efc3b7a_《犯罪侧写师2》征订单.doc',NULL,NULL,NULL,NULL),('8a2c1bff552c178901552e8803540003','8a2c1bff552c178901552e8803520002','/uploadTmp/doc/20160608/d13a3ffab0484d908f9c071a4d34cbf9_《亲密是孤独最好的解药》征订单.doc',NULL,NULL,NULL,NULL),('8a2c1bff5547592f015548bad94c000a','8a2c1bff5547592f015548bad94b0009','/uploadTmp/doc/20160613/14ef48dcb20a4ebcbff6601253cc13ca_百鸟朝凤-肖江虹-20160516推荐.doc',NULL,NULL,NULL,NULL),('8a2c1bff557627b601557b4e174b0006','8a2c1bff557627b601557b4e17450005','/uploadTmp/doc/20160623/上海王正文_352ee3f78ec249c38ad0bd3483ed5f1a.txt',NULL,NULL,NULL,NULL),('8a2c1bff557627b601557b4ee6f10009','8a2c1bff557627b601557b4e17450005','/uploadTmp/doc/20160623/上海王正文_352ee3f78ec249c38ad0bd3483ed5f1a.txt',NULL,NULL,NULL,NULL),('8a2c1bff557627b601557b5ab5c4000e','8a2c1bff557627b601557b5ab5c2000d','/uploadTmp/doc/20160623/正文_10aae1d56379474db55899d1aec9f8f6.docx',NULL,NULL,NULL,NULL),('8a2c1bff557627b601557b5bc5670011','8a2c1bff557627b601557b5ab5c2000d','/uploadTmp/doc/20160623/正文_10aae1d56379474db55899d1aec9f8f6.docx',NULL,NULL,NULL,NULL),('8a2c1bff566d4c2501566d55ea3e0005','8a2c1bff566d4c2501566d55ea260004','/uploadTmp/doc/20160809/大明首辅纯文本_a784dbf23c8449dc925f271839de5137.TXT',NULL,NULL,NULL,NULL),('8a2c1bff566d4c2501566d565dfd0008','8a2c1bff566d4c2501566d55ea260004','/uploadTmp/doc/20160809/大明首辅纯文本_a784dbf23c8449dc925f271839de5137.TXT',NULL,NULL,NULL,NULL),('8a2c1bff566d4c2501566d57cc35000b','8a2c1bff566d4c2501566d55ea260004','/uploadTmp/doc/20160809/大明首辅纯文本_a784dbf23c8449dc925f271839de5137.TXT',NULL,NULL,NULL,NULL),('8a2c1bff56735bcf0156736886140003','8a2c1bff56735bcf01567368860b0002','/uploadTmp/doc/20160810/大明首辅纯文本_98d5275c9cd34ebab70113f0bc1b36e7.TXT',NULL,NULL,NULL,NULL);

/*Table structure for table `t_product_subject` */

DROP TABLE IF EXISTS `t_product_subject`;

CREATE TABLE `t_product_subject` (
  `C_ID` varchar(32) NOT NULL,
  `C_PRODUCT_ID` varchar(32) NOT NULL,
  `C_SUBJECT_ID` varchar(32) NOT NULL,
  PRIMARY KEY (`C_ID`)
) ENGINE=InnoDB DEFAULT CHARSET=utf8;

/*Data for the table `t_product_subject` */

/*Table structure for table `t_sale_contract` */

DROP TABLE IF EXISTS `t_sale_contract`;

CREATE TABLE `t_sale_contract` (
  `C_ID` varchar(32) NOT NULL,
  `C_CODE` varchar(20) DEFAULT NULL,
  `C_OWNER` varchar(300) DEFAULT NULL,
  `C_OWNER_CONTACT` varchar(60) DEFAULT NULL,
  `C_OWNER_CONTACT_PHONE` varchar(20) DEFAULT NULL,
  `C_OWNER_CONTACT_ADDRESS` varchar(300) DEFAULT NULL,
  `C_OWNER_CONTACT_EMAIL` varchar(60) DEFAULT NULL,
  `C_BUYER` varchar(300) DEFAULT NULL,
  `C_BUYER_CONTACT` varchar(60) DEFAULT NULL,
  `C_BUYER_CONTACT_PHONE` varchar(20) DEFAULT NULL,
  `C_BUYER_CONTACT_ADDRESS` varchar(300) DEFAULT NULL,
  `C_BUYER_CONTACT_EMAIL` varchar(60) DEFAULT NULL,
  `C_PRIVILEGES` varchar(10) DEFAULT NULL,
  `C_PRIVILEGE_TYPE` varchar(1) DEFAULT NULL,
  `C_PRIVILEGE_RANGE` varchar(1) DEFAULT NULL,
  `C_PRIVILEGE_DEADLINE` varchar(3) DEFAULT NULL,
  `C_BANK_ACCOUNT_NAME` varchar(300) DEFAULT NULL,
  `C_BANK_ACCOUNT_NO` varchar(30) DEFAULT NULL,
  `C_BANK` varchar(300) DEFAULT NULL,
  `C_TOTAL_PRICE` decimal(10,0) DEFAULT NULL,
  `C_STATE` varchar(2) DEFAULT NULL,
  `C_CREATOR` varchar(32) DEFAULT NULL,
  `C_CREATETIME` datetime DEFAULT NULL,
  `C_MODIFIER` varchar(32) DEFAULT NULL,
  `C_MODIFYTIME` datetime DEFAULT NULL,
  PRIMARY KEY (`C_ID`)
) ENGINE=InnoDB DEFAULT CHARSET=utf8;

/*Data for the table `t_sale_contract` */

insert  into `t_sale_contract`(`C_ID`,`C_CODE`,`C_OWNER`,`C_OWNER_CONTACT`,`C_OWNER_CONTACT_PHONE`,`C_OWNER_CONTACT_ADDRESS`,`C_OWNER_CONTACT_EMAIL`,`C_BUYER`,`C_BUYER_CONTACT`,`C_BUYER_CONTACT_PHONE`,`C_BUYER_CONTACT_ADDRESS`,`C_BUYER_CONTACT_EMAIL`,`C_PRIVILEGES`,`C_PRIVILEGE_TYPE`,`C_PRIVILEGE_RANGE`,`C_PRIVILEGE_DEADLINE`,`C_BANK_ACCOUNT_NAME`,`C_BANK_ACCOUNT_NO`,`C_BANK`,`C_TOTAL_PRICE`,`C_STATE`,`C_CREATOR`,`C_CREATETIME`,`C_MODIFIER`,`C_MODIFYTIME`) values ('f9ab6aff535bdb1801535c0340950016','S20160309-001','北京广播公司','刘宇','15800881698','北京市东城区建国门外大街6号','liuyu@rbc.cn','上海倾听信息技术有限公司','王诗昆','13602133669','上海市黄浦区外马路249号12层','wangshikun@qingting.com','02,03','1','0','2','北京广播公司','北京广播公司','中国工商银行建国门支行','200000','10','40282e8153385baa0153385baa9e0000','2016-03-09 23:33:50','40282e8153385baa0153385baa9e0000','2016-03-09 23:33:50');

/*Table structure for table `t_sale_ctrt_audit` */

DROP TABLE IF EXISTS `t_sale_ctrt_audit`;

CREATE TABLE `t_sale_ctrt_audit` (
  `C_ID` varchar(32) NOT NULL,
  `C_CONTRACT_ID` varchar(32) DEFAULT NULL,
  `C_AUDIT_REMARK` varchar(300) DEFAULT NULL,
  `C_AUDITOR_ID` varchar(32) DEFAULT NULL,
  `C_AUDIT_TIME` datetime DEFAULT NULL,
  `C_AUDIT_RESULT` varchar(1) DEFAULT NULL,
  PRIMARY KEY (`C_ID`)
) ENGINE=InnoDB DEFAULT CHARSET=utf8;

/*Data for the table `t_sale_ctrt_audit` */

/*Table structure for table `t_sale_ctrt_doc` */

DROP TABLE IF EXISTS `t_sale_ctrt_doc`;

CREATE TABLE `t_sale_ctrt_doc` (
  `C_ID` varchar(32) NOT NULL,
  `C_CONTRACT_ID` varchar(32) DEFAULT NULL,
  `C_TYPE` varchar(2) DEFAULT NULL,
  `C_CREATOR_ID` varchar(32) DEFAULT NULL,
  `C_CREATETIME` datetime DEFAULT NULL,
  `C_VERSION` varchar(10) DEFAULT NULL,
  `C_FILE_URL` varchar(500) DEFAULT NULL,
  PRIMARY KEY (`C_ID`)
) ENGINE=InnoDB DEFAULT CHARSET=utf8;

/*Data for the table `t_sale_ctrt_doc` */

insert  into `t_sale_ctrt_doc`(`C_ID`,`C_CONTRACT_ID`,`C_TYPE`,`C_CREATOR_ID`,`C_CREATETIME`,`C_VERSION`,`C_FILE_URL`) values ('40282e815338971f015338971f100000','40282e8152dae71c0152db01318a000a',NULL,'1','2016-03-03 02:29:01','1.0','/uploadTmp/doc/20160303/ee4ac1f7abff4df18f8acb57d875e5d8_logo.jpg');

/*Table structure for table `t_sale_ctrt_prod` */

DROP TABLE IF EXISTS `t_sale_ctrt_prod`;

CREATE TABLE `t_sale_ctrt_prod` (
  `C_ID` varchar(32) NOT NULL,
  `C_CONTRACT_ID` varchar(32) DEFAULT NULL,
  `C_PRODUCT_ID` varchar(32) DEFAULT NULL,
  `C_PRICE` decimal(10,0) DEFAULT NULL,
  PRIMARY KEY (`C_ID`)
) ENGINE=InnoDB DEFAULT CHARSET=utf8;

/*Data for the table `t_sale_ctrt_prod` */

insert  into `t_sale_ctrt_prod`(`C_ID`,`C_CONTRACT_ID`,`C_PRODUCT_ID`,`C_PRICE`) values ('40282e8152dae71c0152db0131a8000b','40282e8152dae71c0152db01318a000a','40282e8152503a43015250410e640009','100000'),('f9ab6aff535bdb1801535c0340a50017','f9ab6aff535bdb1801535c0340950016','40282e81534c83b201534c83b2de0001','200000');

/*Table structure for table `t_subject` */

DROP TABLE IF EXISTS `t_subject`;

CREATE TABLE `t_subject` (
  `C_ID` varchar(32) NOT NULL,
  `C_NAME` varchar(100) DEFAULT NULL,
  `C_DESC` varchar(500) DEFAULT NULL,
  `C_ORDER` int(11) DEFAULT NULL,
  `C_TYPE` varchar(256) DEFAULT NULL,
  `C_RATIO` varchar(10) DEFAULT NULL,
  `C_CREATOR` varchar(32) DEFAULT NULL,
  `C_CREATETIME` datetime DEFAULT NULL,
  `C_MODIFIER` varchar(32) DEFAULT NULL,
  `C_MODIFYTIME` datetime DEFAULT NULL,
  PRIMARY KEY (`C_ID`)
) ENGINE=InnoDB DEFAULT CHARSET=utf8;

/*Data for the table `t_subject` */

insert  into `t_subject`(`C_ID`,`C_NAME`,`C_DESC`,`C_ORDER`,`C_TYPE`,`C_RATIO`,`C_CREATOR`,`C_CREATETIME`,`C_MODIFIER`,`C_MODIFYTIME`) values ('1','悬疑推理','悬疑推理',2,'0','1.0','1','2015-12-29 01:03:28','1','2016-05-12 00:42:57'),('2c90808651e973060151e97306a50000','都市情感','都市情感',1,'0','1.6','1','2015-12-29 00:36:48','1','2016-11-02 00:09:17'),('40282e8152013ad80152013ad8ee0000','官场商战','官场商战',3,'0','1.0','1','2016-01-02 15:26:20',NULL,NULL),('8a2c1bff549df61601549df616c60000','世情社会','世情社会',4,'0','1.0','1','2016-05-11 11:57:11','1','2016-05-12 00:43:09'),('8a2c1bff549df6160154a0b385600001','历史军事','历史军事',5,'0','1.0','1','2016-05-12 00:43:20',NULL,NULL),('8a2c1bff549df6160154a0b3a9b40002','恐怖玄幻','恐怖玄幻',6,'0','1.0','1','2016-05-12 00:43:30',NULL,NULL),('8a2c1bff549df6160154a0b3cdf60003','纪实探秘','纪实探秘',7,'0','1.0','1','2016-05-12 00:43:39',NULL,NULL),('8a2c1bff549df6160154a0b3f4cf0004','人物传记','人物传记',8,'0','1.0','1','2016-05-12 00:43:49',NULL,NULL),('8a2c1bff549df6160154a0b41d7a0005','古风武侠','古风武侠',9,'0','1.0','1','2016-05-12 00:43:59',NULL,NULL),('8a2c1bff549df6160154a0b440c30006','刑侦反腐','刑侦反腐',10,'0','1.0','1','2016-05-12 00:44:08',NULL,NULL),('8a2c1bff549df6160154a0b467a10007','边塞农村','边塞农村',11,'0','1.0','1','2016-05-12 00:44:18',NULL,NULL),('8a2c1bff549df6160154a0b48e0f0008','科普养生','科普养生',12,'0','1.0','1','2016-05-12 00:44:28',NULL,NULL),('8a2c1bff549df6160154a0b4c7cf0009','人文哲学','人文哲学',13,'0','1.0','1','2016-05-12 00:44:43',NULL,NULL),('8a2c1bff549df6160154a0b4fa48000a','校园青春','校园青春',14,'0','1.0','1','2016-05-12 00:44:56',NULL,NULL),('8a2c1bff549df6160154a0b51d47000b','儿童文学','儿童文学',15,'0','1.0','1','2016-05-12 00:45:05',NULL,NULL);

/*Table structure for table `t_task` */

DROP TABLE IF EXISTS `t_task`;

CREATE TABLE `t_task` (
  `C_ID` varchar(32) NOT NULL,
  `C_TITLE` varchar(300) DEFAULT NULL,
  `C_TARGET_TYPE` varchar(2) DEFAULT NULL,
  `C_TARGET_ID` varchar(32) DEFAULT NULL,
  `C_STATE` varchar(2) DEFAULT NULL,
  `C_USER_ID` varchar(32) DEFAULT NULL,
  `C_ROLE_ID` varchar(32) DEFAULT NULL,
  `C_CREATOR` varchar(32) DEFAULT NULL,
  `C_CREATETIME` datetime DEFAULT NULL,
  `C_MODIFIER` varchar(32) DEFAULT NULL,
  `C_MODIFYTIME` datetime DEFAULT NULL,
  PRIMARY KEY (`C_ID`)
) ENGINE=InnoDB DEFAULT CHARSET=utf8;

/*Data for the table `t_task` */

insert  into `t_task`(`C_ID`,`C_TITLE`,`C_TARGET_TYPE`,`C_TARGET_ID`,`C_STATE`,`C_USER_ID`,`C_ROLE_ID`,`C_CREATOR`,`C_CREATETIME`,`C_MODIFIER`,`C_MODIFYTIME`) values ('1','作品《三国演义》已审核通过，请邀请专家评价。','0','40282e81525043270152504327c20001','1',NULL,'03','1','2016-03-22 01:17:59','40282e81532145f101532145f1cf0000','2016-06-12 00:46:26'),('402881f2568a6b3701568a6b37af0001','作品《天惶惶地惶惶》已评价完成，请分配可办理的专员。','0','40282e81534cc12a01534cd8ffc20009','0',NULL,'12','40282e81532145f101532145f1cf0000','2016-08-15 02:58:18','40282e81532145f101532145f1cf0000','2016-08-15 02:58:18'),('402881f25694822d015694822d7d0005','作品《随便建一个》已提交申请内容审核，请进行审核。','0','8a2c1bff5547592f015548b7de1e0003','0',NULL,'03','40282e81522bba0501522bba05b30000','2016-08-17 01:59:35','40282e81522bba0501522bba05b30000','2016-08-17 01:59:35'),('402881f25694822d01569482e9480006','作品《随便建一个》已审核通过，请邀请专家评价。','0','8a2c1bff5547592f015548b7de1e0003','0',NULL,'03','40282e81532145f101532145f1cf0000','2016-08-17 02:00:23','40282e81532145f101532145f1cf0000','2016-08-17 02:00:23'),('402881f2579c424c01579c52f7690007','作品《test作品》已提交申请内容审核，请进行审核。','0','402881f2579c424c01579c52f7640005','0',NULL,'03','40282e815332f8d8015332fca32f0002','2016-10-07 07:27:46','40282e815332f8d8015332fca32f0002','2016-10-07 07:27:46'),('8a2c1bff5547592f015547592fe70000','作品《亲密是孤独最好的解药》已申请权属审核，请进行审核。','0','8a2c1bff552c178901552e8803520002','0',NULL,'80','1','2016-06-13 09:21:15','1','2016-06-13 09:21:15'),('8a2c1bff5547592f01554759cf140001','作品《犯罪侧写师2》已申请权属审核，请进行审核。','0','8a2c1bff5523bc70015524fa17f70006','0',NULL,'80','1','2016-06-13 09:21:56','1','2016-06-13 09:21:56'),('8a2c1bff5557d7fe015557d7fe200000','作品《七侠五义》已申请权属审核，请进行审核。','0','40282e8152366af00152366c8e490004','0',NULL,'80','1','2016-06-16 14:13:41','1','2016-06-16 14:13:41'),('8a2c1bff5557d7fe015557dc0a050001','作品《亲密是孤独最好的解药》已权属审核通过，请邀请专家评价。','0','8a2c1bff552c178901552e8803520002','1',NULL,'03','40282e815332f8d80153330a8dec0007','2016-06-16 14:18:06','8a2c1bff557627b601557aee75100002','2016-06-23 10:20:10'),('8a2c1bff5557d7fe015557dfbe7b0006','作品《亲密是孤独最好的解药》已评价完成，请分配可办理的专员。','0','8a2c1bff552c178901552e8803520002','1',NULL,'12','40282e81532145f101532145f1cf0000','2016-06-16 14:22:09','8a2c1bff557627b601557627b6a30000','2016-07-11 09:37:47'),('8a2c1bff557627b601557b4ee6f2000b','作品《上海王》已提交申请内容审核，请进行审核。','0','8a2c1bff557627b601557b4e17450005','1',NULL,'03','8a2c1bff557627b601557aed5c7c0001','2016-06-23 11:30:16','8a2c1bff557627b601557aee75100002','2016-06-23 11:43:47'),('8a2c1bff557627b601557b5bc5680012','作品《上海王》已提交申请内容审核，请进行审核。','0','8a2c1bff557627b601557b5ab5c2000d','1',NULL,'03','8a2c1bff557627b601557aed5c7c0001','2016-06-23 11:44:20','8a2c1bff557627b601557aee75100002','2016-06-23 11:45:24'),('8a2c1bff557627b601557b5c7bef0013','作品《上海王》已申请权属审核，请进行审核。','0','8a2c1bff557627b601557b5ab5c2000d','1',NULL,'80','8a2c1bff557627b601557aee75100002','2016-06-23 11:45:07','40282e815332f8d80153330a8dec0007','2016-06-23 11:46:18'),('8a2c1bff557627b601557b5da6c90014','作品《上海王》已权属审核通过，请邀请专家评价。','0','8a2c1bff557627b601557b5ab5c2000d','1',NULL,'03','40282e815332f8d80153330a8dec0007','2016-06-23 11:46:23','8a2c1bff557627b601557aee75100002','2016-06-23 11:46:36'),('8a2c1bff557627b601557b608cf70018','作品《上海王》已评价完成，请分配可办理的专员。','0','8a2c1bff557627b601557b5ab5c2000d','1',NULL,'12','8a2c1bff557627b601557aee75100002','2016-06-23 11:49:33','8a2c1bff557627b601557627b6a30000','2016-07-11 09:37:34'),('8a2c1bff557627b601557b6280c1001a','作品《上海王》的版权合同已分配给您办理。','0','8a2c1bff557627b601557b5ab5c2000d','1',NULL,'11','8a2c1bff557627b601557627b6a30000','2016-06-23 11:51:41','8a2c1bff557627b601557aed5c7c0001','2016-06-23 11:54:24'),('8a2c1bff55d7995a0155d7995a1a0001','作品《上海王》的版权合同已分配给您办理。','0','8a2c1bff557627b601557b5ab5c2000d','1',NULL,'11','8a2c1bff557627b601557627b6a30000','2016-07-11 09:36:39','40282e81532145f1015323372cf80001','2016-09-17 01:20:16'),('8a2c1bff566d4c2501566d57cc37000d','作品《大明首辅》已提交申请内容审核，请进行审核。','0','8a2c1bff566d4c2501566d55ea260004','0',NULL,'03','8a2c1bff557627b601557aed5c7c0001','2016-08-09 11:28:06','8a2c1bff557627b601557aed5c7c0001','2016-08-09 11:28:06'),('8a2c1bff566d4c2501566d59ba6d000e','作品《大明首辅》已审核通过，请邀请专家评价。','0','8a2c1bff566d4c2501566d55ea260004','0',NULL,'03','8a2c1bff557627b601557aee75100002','2016-08-09 11:30:12','8a2c1bff557627b601557aee75100002','2016-08-09 11:30:12');

/*Table structure for table `t_user` */

DROP TABLE IF EXISTS `t_user`;

CREATE TABLE `t_user` (
  `C_ID` varchar(32) NOT NULL,
  `C_NAME` varchar(60) DEFAULT NULL,
  `C_ACCOUNT` varchar(60) DEFAULT NULL,
  `C_EMAIL` varchar(60) DEFAULT NULL,
  `C_PASSWORD` varchar(40) DEFAULT NULL,
  `C_MOBILE` varchar(20) DEFAULT NULL,
  `C_ROLE` varchar(60) DEFAULT NULL,
  `C_GENDER` varchar(1) DEFAULT NULL,
  `C_HONORIFIC` varchar(60) DEFAULT NULL,
  `C_LOGOURL` varchar(500) DEFAULT NULL,
  `C_STATUS` varchar(1) DEFAULT NULL,
  `C_CREATOR` varchar(32) DEFAULT NULL,
  `C_CREATETIME` datetime DEFAULT NULL,
  `C_MODIFIER` varchar(32) DEFAULT NULL,
  `C_MODIFYTIME` datetime DEFAULT NULL,
  PRIMARY KEY (`C_ID`)
) ENGINE=InnoDB DEFAULT CHARSET=utf8;

/*Data for the table `t_user` */

insert  into `t_user`(`C_ID`,`C_NAME`,`C_ACCOUNT`,`C_EMAIL`,`C_PASSWORD`,`C_MOBILE`,`C_ROLE`,`C_GENDER`,`C_HONORIFIC`,`C_LOGOURL`,`C_STATUS`,`C_CREATOR`,`C_CREATETIME`,`C_MODIFIER`,`C_MODIFYTIME`) values ('1','超级管理员','superman','liuchengbin@emrbc.com','96e79218965eb72c92a549dd5a330112','13581700369','01,99','1','张老师','/img/user2-160x160.jpg','1','-1','2015-12-30 23:24:05','1','2016-06-08 13:52:47'),('40282e81522bba0501522bba05b30000','普通用户','nnn','nnn@em.com','96e79218965eb72c92a549dd5a330112','','01',NULL,'','/img/user2-160x160.jpg','1','1','2016-01-10 21:29:17',NULL,NULL),('40282e81524e72a901524eaa7f430001','哈哈儿','haha','haha@em.com','96e79218965eb72c92a549dd5a330112','13111111111','01,12',NULL,'哈老师','/img/user2-160x160.jpg','1','1','2016-01-17 16:19:03',NULL,NULL),('40282e8152d46ebb0152d46ebb3b0000','外部团队A','wbtd','rongphoenix@126.com','96e79218965eb72c92a549dd5a330112','13666666666','01,52',NULL,'外老师','/img/user2-160x160.jpg','1','1','2016-02-12 15:42:53','1','2016-03-10 11:01:41'),('40282e81532145f101532145f1cf0000','评价管理员','pjm','pjm@em.com','96e79218965eb72c92a549dd5a330112','13000000000','01,03',NULL,'','/img/user2-160x160.jpg','1','1','2016-02-27 13:49:05',NULL,NULL),('40282e81532145f1015323372cf80001','版权专员','bqzy','bqzy@em.com','96e79218965eb72c92a549dd5a330112','18100000000','01,11',NULL,'','/img/user2-160x160.jpg','1','1','2016-02-27 22:52:12',NULL,NULL),('40282e81532612fd015326adc87f0007','媒资管理员','mzm','mzm@em.com','96e79218965eb72c92a549dd5a330112','13111111112','01,40',NULL,'','/img/user2-160x160.jpg','1','1','2016-02-28 15:00:37',NULL,NULL),('40282e815332f8d8015332f8d8870000','版权主管','bqzg','bqzg@em.com','96e79218965eb72c92a549dd5a330112','13011122233','01,12',NULL,'','/img/user2-160x160.jpg','1','1','2016-03-02 00:18:02',NULL,NULL),('40282e815332f8d8015332fca32f0002','版权经理','bqjl','bqjl@em.com','96e79218965eb72c92a549dd5a330112','13812312312','01,13',NULL,'','/img/user2-160x160.jpg','1','1','2016-03-02 00:22:11',NULL,NULL),('40282e815332f8d8015332fdb3970004','总经理','ceo','ceo@em.com','96e79218965eb72c92a549dd5a330112','13888888888','01,90',NULL,'','/img/user2-160x160.jpg','1','1','2016-03-02 00:23:21',NULL,NULL),('40282e815332f8d80153330a8dec0007','法务人员','fawu','fw@em.com','96e79218965eb72c92a549dd5a330112','13212312321','01,80',NULL,'','/img/user2-160x160.jpg','1','1','2016-03-02 00:37:23',NULL,NULL),('40282e815332f8d8015333321b92000c','制作经理','zzjl','zzjl@em.com','96e79218965eb72c92a549dd5a330112','13567867867','01,22',NULL,'','/img/user2-160x160.jpg','1','1','2016-03-02 01:20:35',NULL,NULL),('40282e8153385baa0153385baa9e0000','运营经理','yyjl','yyjl@em.com','96e79218965eb72c92a549dd5a330112','13666688666','01,32',NULL,'','/img/user2-160x160.jpg','1','1','2016-03-03 01:24:05',NULL,NULL),('402881f25694822d01569484efa00007','张中华','zzh','9654589@qq.com','96e79218965eb72c92a549dd5a330112','13213456789','01,51',NULL,'','/img/user2-160x160.jpg','1','1','2016-08-17 02:02:35',NULL,NULL),('4028f8a351f92fd40151f931fa4d0001','测试账号','test','zhangzhonghua@ideamoment.com','96e79218965eb72c92a549dd5a330112','13222222222','01,03','9','','/img/default_user_logo.jpg','1','1','2016-01-01 01:59:41','1','2016-01-03 14:44:01'),('8a2c1bff54a0bdda0154a0bdda9a0000','测试用户','testuser','testuser@em.com','96e79218965eb72c92a549dd5a330112','','01',NULL,'','/img/user2-160x160.jpg','1','1','2016-05-12 00:54:37',NULL,NULL),('8a2c1bff557627b601557627b6a30000','张芳','zhangfang','zhangfang@emrbc.com','96e79218965eb72c92a549dd5a330112','18611311022','01,12',NULL,'','/img/user2-160x160.jpg','1','1','2016-06-22 11:29:22',NULL,NULL),('8a2c1bff557627b601557aed5c7c0001','薛洁明','xuejieming','xuejieming@emrbc.com','96e79218965eb72c92a549dd5a330112','15810552089','01,11',NULL,'','/img/user2-160x160.jpg','1','1','2016-06-23 09:43:44',NULL,NULL),('8a2c1bff557627b601557aee75100002','尚婷婷','shangtingting','shangtingting@emrbc.com','96e79218965eb72c92a549dd5a330112','13501182920','01,03,22',NULL,'','/img/user2-160x160.jpg','1','1','2016-06-23 09:44:56',NULL,NULL),('8a2c1bff557627b601557af54d990003','尚老师','wbzj','2678557152@qq.com','96e79218965eb72c92a549dd5a330112','','01,51',NULL,'','/img/user2-160x160.jpg','1','1','2016-06-23 09:52:24',NULL,NULL),('8a2c1bff566d4c2501566d528d1f0002','刘老师','lls','168291741@qq.com','96e79218965eb72c92a549dd5a330112','15355522255','01,51',NULL,'刘老师','/img/user2-160x160.jpg','1','1','2016-08-09 11:22:22',NULL,NULL),('f9ab6aff535953500153595350100000','外部专家','wbzj','shangtingting@emrbc.com','96e79218965eb72c92a549dd5a330112','13501182920','01,51',NULL,'尚老师','/img/user2-160x160.jpg','9','1','2016-03-09 11:02:26','1','2016-05-19 09:01:58');

/*!40101 SET SQL_MODE=@OLD_SQL_MODE */;
/*!40014 SET FOREIGN_KEY_CHECKS=@OLD_FOREIGN_KEY_CHECKS */;
/*!40014 SET UNIQUE_CHECKS=@OLD_UNIQUE_CHECKS */;
/*!40111 SET SQL_NOTES=@OLD_SQL_NOTES */;
